compound_id,base_rdkit_smiles,relation,active
SPID236,C#CC1(O)CCC2C3CCC4=CC(=O)CCC4C3CCC21C,,0.0
SPID231,C#CC1(O)CCC2C3CCC4=CC(=O)CCC4C3CCC21CC,,1.0
SPID339,C#CCN(C)[C@H](C)Cc1ccccc1,,1.0
SPID475,C#CCN[C@@H]1CCc2ccccc21,,0.0
SPID222,C#C[C@]1(O)CC[C@H]2[C@@H]3CCC4=Cc5oncc5C[C@]4(C)[C@H]3CC[C@@]21C,,1.0
SPID504,C#C[C@]1(O)CC[C@H]2[C@@H]3CCc4cc(O)ccc4[C@H]3CC[C@@]21C,,0.0
SPID549,C#Cc1cccc(Nc2ncnc3cc(OCCOC)c(OCCOC)cc23)c1,,0.0
SPID699,C(=C/c1ccccc1)\CN1CCN(C(c2ccccc2)c2ccccc2)CC1,,0.0
SPID115,C/C(=C/C(=O)c1ccccc1)N[C@@H](Cc1ccc(OCCc2nc(-c3ccccc3)oc2C)cc1)C(=O)O,,0.0
SPID585,C/C=C/C[C@@H](C)[C@@H](O)[C@H]1C(=O)N[C@@H](CC)C(=O)N(C)CC(=O)N(C)[C@@H](CC(C)C)C(=O)N[C@@H](C(C)C)C(=O)N(C)[C@@H](CC(C)C)C(=O)N[C@@H](C)C(=O)N[C@H](C)C(=O)N(C)[C@@H](CC(C)C)C(=O)N(C)[C@@H](CC(C)C)C(=O)N(C)[C@@H](C(C)C)C(=O)N1C,,0.0
SPID262,C=C(CC)C(=O)c1ccc(OCC(=O)O)c(Cl)c1Cl,,1.0
SPID523,C=C(c1ccc(C(=O)O)cc1)c1cc2c(cc1C)C(C)(C)CCC2(C)C,,0.0
SPID634,C=C1/C(=C\C=C2/CCC[C@@]3(C)[C@@H]([C@H](C)CCCC(C)(C)O)CC[C@@H]23)C[C@@H](O)C[C@@H]1O,,0.0
SPID226,C=C1CC2C(CCC3(C)C(=O)CCC23)C2(C)C=CC(=O)C=C12,,1.0
SPID261,C=C1CC[C@H](O)C/C1=C/C=C1\CCC[C@]2(C)[C@@H]([C@H](C)/C=C/[C@H](C)C(C)C)CC[C@@H]12,,0.0
SPID493,C=C1[C@H](CO)[C@@H](O)C[C@@H]1n1cnc2c(=O)[nH]c(N)nc21,,0.0
SPID644,C=CC(N)CCC(=O)O,,0.0
SPID564,C=CC1=C(C(=O)O)N2C(=O)C(NC(=O)C(=NOCC(=O)O)c3csc(N)n3)C2SC1,,0.0
SPID501,C=CC1=C(C(=O)O)N2C(=O)[C@@H](NC(=O)/C(=N\O)c3csc(N)n3)[C@H]2SC1,,0.0
SPID235,C=CCN1CCC23c4c5ccc(O)c4OC2C(=O)CCC3(O)C1C5,,0.0
SPID518,C=CCN1C[C@H](C(=O)N(CCCN(C)C)C(=O)NCC)C[C@@H]2c3cccc4[nH]cc(c34)C[C@H]21,,0.0
SPID298,C=CC[C@@H]1/C=C(\C)C[C@H](C)C[C@H](OC)[C@H]2O[C@@](O)(C(=O)C(=O)N3CCCC[C@H]3C(=O)O[C@H](/C(C)=C/[C@@H]3CC[C@@H](O)[C@H](OC)C3)[C@H](C)[C@@H](O)CC1=O)[C@H](C)C[C@@H]2OC,,0.0
SPID242,C=CC[N+]1(C2CC3C4CCC5CC(O)C(N6CCOCC6)CC5(C)C4CCC3(C)C2OC(C)=O)CCCC1,,0.0
SPID112,C=C[C@H]1CN2CC[C@H]1C[C@@H]2[C@@H](O)c1ccnc2ccc(OC)cc12,,0.0
SPID33,C=C[C@]1(C)C[C@@H](OC(=O)NC(=O)OC2CCC(N)CC2)[C@]2(C)[C@H](C)CC[C@]3(CCC(=O)[C@H]32)[C@@H](C)[C@@H]1O,,0.0
SPID234,CC#CC1(O)CCC2C3CCC4=CC(=O)CCC4=C3C(c3ccc(N(C)C)cc3)CC21C,,0.0
SPID719,CC(/C=C1\SC(=S)N(CC(=O)O)C1=O)=C\c1ccccc1,,0.0
SPID232,CC(=O)C1(O)CCC2C3CC(C)C4=CC(=O)CCC4(C)C3CCC21C,,0.0
SPID645,CC(=O)CC(c1ccccc1)c1c(O)c2ccccc2oc1=O,,0.0
SPID510,CC(=O)CCCCn1c(=O)c2c(ncn2C)n(C)c1=O,,0.0
SPID214,CC(=O)N1CCN(c2ccc(OCC3COC(Cn4ccnc4)(c4ccc(Cl)cc4Cl)O3)cc2)CC1,,1.0
SPID654,CC(=O)N1CCN(c2ccc(OC[C@@H]3CO[C@@](Cn4ccnc4)(c4ccc(Cl)cc4Cl)O3)cc2)CC1,,0.0
SPID468,CC(=O)NC[C@H]1CN(c2ccc(N3CCOCC3)c(F)c2)C(=O)O1,,0.0
SPID648,CC(=O)Nc1c(I)c(NC(C)=O)c(I)c(C(=O)O)c1I,,0.0
SPID139,CC(=O)Nc1ccc(O)cc1,,0.0
SPID526,CC(=O)Nc1nnc(S(N)(=O)=O)s1,,0.0
SPID246,CC(=O)OC1CC2CCC3C(CCC4(C)C3CC([N+]3(C)CCCCC3)C4OC(C)=O)C2(C)CC1N1CCCCC1,,0.0
SPID238,CC(=O)OC1CC2CCC3C(CCC4(C)C3CC([N+]3(C)CCCCC3)C4OC(C)=O)C2(C)CC1[N+]1(C)CCCCC1,,0.0
SPID247,CC(=O)OC1CCC2C3CCc4cc(O)ccc4C3CCC12C,,0.0
SPID692,CC(=O)OCC(CCn1cnc2cnc(N)nc21)COC(C)=O,,0.0
SPID157,CC(=O)OC[C@H]1O[C@@H](O[C@H]2[C@H](OC(C)=O)[C@@H](OC(C)=O)[C@@H](OC(C)=O)O[C@@H]2COC(C)=O)[C@H](OC(C)=O)[C@@H](OC(C)=O)[C@@H]1OC(C)=O,,0.0
SPID405,CC(=O)O[C@@]12CO[C@@H]1C[C@H](O)[C@@]1(C)C(=O)[C@H](O)C3=C(C)[C@@H](OC(=O)[C@H](O)[C@@H](NC(=O)OC(C)(C)C)c4ccccc4)C[C@@](O)([C@@H](OC(=O)c4ccccc4)[C@H]21)C3(C)C,,0.0
SPID392,CC(=O)O[C@H]1C(=O)[C@@]2(C)[C@H]([C@H](OC(=O)c3ccccc3)[C@]3(O)C[C@H](OC(=O)[C@H](O)[C@@H](NC(=O)c4ccccc4)c4ccccc4)C(C)=C1C3(C)C)[C@]1(OC(C)=O)CO[C@@H]1C[C@@H]2O,,0.0
SPID266,CC(=O)O[C@]1(C(C)=O)CC[C@H]2[C@@H]3C=C(C)C4=CC(=O)CC[C@]4(C)[C@H]3CC[C@@]21C,,0.0
SPID217,CC(=O)Oc1ccc(C(c2ccc(OC(C)=O)cc2)c2ccccn2)cc1,,0.0
SPID620,CC(=O)Oc1ccccc1C(=O)Nc1ncc([N+](=O)[O-])s1,,1.0
SPID689,CC(=O)Oc1ccccc1C(=O)O,,0.0
SPID243,CC(=O)S[C@@H]1CC2=CC(=O)CC[C@]2(C)[C@H]2CC[C@@]3(C)[C@@H](CC[C@@]34CCC(=O)O4)[C@H]12,,0.0
SPID275,CC(=O)[C@H]1CC[C@H]2[C@@H]3CCC4=CC(=O)CC[C@]4(C)[C@H]3CC[C@]12C,,0.0
SPID535,CC(C(=O)O)c1ccc(-c2ccccc2)c(F)c1,,0.0
SPID685,CC(C(=O)O)c1cccc(C(=O)c2ccccc2)c1,,0.0
SPID283,CC(C(=O)O)c1cccc(Oc2ccccc2)c1,,0.0
SPID451,CC(C)(C#N)c1cc(Cn2cncn2)cc(C(C)(C)C#N)c1,,0.0
SPID544,CC(C)(C)C(=O)OCOP(=O)(COCCn1cnc2c(N)ncnc21)OCOC(=O)C(C)(C)C,,1.0
SPID315,CC(C)(C)NC(=O)[C@@H]1CN(Cc2cccnc2)CCN1C[C@@H](O)C[C@@H](Cc1ccccc1)C(=O)N[C@H]1c2ccccc2C[C@H]1O,,0.0
SPID633,CC(C)(C)NC(=O)[C@@H]1C[C@@H]2CCCC[C@@H]2CN1CC(O)[C@H](Cc1ccccc1)NC(=O)[C@@H](CC(N)=O)NC(=O)c1ccc2ccccc2n1,,0.0
SPID671,CC(C)(C)NC(=O)[C@H]1CC[C@H]2[C@@H]3CC[C@H]4NC(=O)C=C[C@]4(C)[C@H]3CC[C@]12C,,0.0
SPID295,CC(C)(C)NCC(O)COc1cccc2c1C[C@H](O)[C@H](O)C2,,0.0
SPID280,CC(C)(C)NCC(O)COc1nsnc1N1CCOCC1,,0.0
SPID628,CC(C)(C)NCC(O)c1ccc(O)c(CO)c1,,0.0
SPID196,CC(C)(C)NCc1ccc(Nc2ccnc3cc(Cl)ccc23)cc1O,,1.0
SPID278,CC(C)(C)[NH2+]CC(O)c1cc(O)cc(O)c1,,0.0
SPID345,CC(C)(C)c1ccc(C(=O)CCCN2CCC(OC(c3ccccc3)c3ccccc3)CC2)cc1,,0.0
SPID52,CC(C)(C)c1nnc([C@H]2O[C@@H](n3cnc4c(Nc5ccc(Cl)cc5F)ncnc43)[C@H](O)[C@@H]2O)o1,,0.0
SPID625,CC(C)(S)[C@@H](N)C(=O)O,,0.0
SPID667,CC(C)C(=O)Nc1ccc([N+](=O)[O-])c(C(F)(F)F)c1,,0.0
SPID453,CC(C)C(=O)Oc1ccc(CO)cc1[C@H](CCN(C(C)C)C(C)C)c1ccccc1,,0.0
SPID583,CC(C)C1CCC(C(=O)NC(Cc2ccccc2)C(=O)O)CC1,,0.0
SPID228,CC(C)CC(NC(=O)C(COC(C)(C)C)NC(=O)C(Cc1ccc(O)cc1)NC(=O)C(CO)NC(=O)C(Cc1c[nH]c2ccccc12)NC(=O)C(Cc1cnc[nH]1)NC(=O)C1CCC(=O)N1)C(=O)NC(CCCN=C(N)N)C(=O)N1CCCC1C(=O)NNC(N)=O,,0.0
SPID505,CC(C)CN(C[C@@H](O)[C@H](Cc1ccccc1)NC(=O)O[C@H]1CCOC1)S(=O)(=O)c1ccc(N)cc1,,0.0
SPID101,CC(C)CNc1nc(-c2ccc(S(C)(=O)=O)cc2)cc(C(F)(F)F)n1,,0.0
SPID172,CC(C)COCC(CN(Cc1ccccc1)c1ccccc1)N1CCCC1,,1.0
SPID594,CC(C)C[C@@H](NC(=O)[C@@H](Cc1ccccc1)NC(=O)c1cnccn1)B(O)O,,0.0
SPID54,CC(C)C[C@H](NC(=O)c1cc2ccccc2o1)C(=O)N[C@H]1CC[C@@H](C)N(S(=O)(=O)c2ccccn2)CC1=O,,0.0
SPID439,CC(C)Cc1ccc(C(C)C(=O)O)cc1,,0.0
SPID73,CC(C)N(C(=O)CN1C(=O)[C@H](NC(=O)Nc2cccc(C(=O)O)c2)C(=O)N(c2ccccc2)c2ccccc21)c1ccccc1,,0.0
SPID396,CC(C)N(CCC(C(N)=O)(c1ccccc1)c1ccccn1)C(C)C,,0.0
SPID51,CC(C)NCC(O)COc1ccc(CC(N)=O)cc1,,0.0
SPID368,CC(C)NCC(O)COc1ccc(COCCOC(C)C)cc1,,0.0
SPID273,CC(C)NCC(O)COc1cccc2[nH]ccc12,,0.0
SPID327,CC(C)NCC(O)COc1cccc2ccccc12,,1.0
SPID185,CC(C)NCC(O)c1ccc(NS(C)(=O)=O)cc1,,0.0
SPID10,CC(C)NCC(O)c1ccc(O)c(O)c1,,0.0
SPID481,CC(C)NNC(=O)c1ccncc1,,0.0
SPID151,CC(C)OC(=O)C(C)(C)Oc1ccc(C(=O)c2ccc(Cl)cc2)cc1,,0.0
SPID108,CC(C)Oc1ncc(-c2nc(-c3cccc4c3ccn4CCCC(=O)O)no2)cc1Cl,,0.0
SPID91,CC(C)[C@@H]1C(=O)N(S(C)(=O)=O)[C@@H]2CCN(C(=O)/C=C/CN3CCCCC3)[C@H]21,,0.0
SPID677,CC(C)[C@H](N)C(=O)OCCOCn1cnc2c(=O)[nH]c(N)nc21,,0.0
SPID175,CC(C)c1c(C(=O)Nc2ccccc2)c(-c2ccccc2)c(-c2ccc(F)cc2)n1CC[C@@H](O)C[C@@H](O)CC(=O)O,,1.0
SPID364,CC(C)c1nc(CN(C)C(=O)N[C@H](C(=O)N[C@@H](Cc2ccccc2)C[C@H](O)[C@H](Cc2ccccc2)NC(=O)OCc2cncs2)C(C)C)cs1,,0.0
SPID305,CC(C)c1nc(N(C)S(C)(=O)=O)nc(-c2ccc(F)cc2)c1/C=C/[C@@H](O)C[C@@H](O)CC(=O)[O-],,0.0
SPID301,CC(C)n1c(/C=C/C(O)CC(O)CC(=O)[O-])c(-c2ccc(F)cc2)c2ccccc21,,1.0
SPID46,CC(CCc1ccc(O)cc1)NCCc1ccc(O)c(O)c1,,0.0
SPID294,CC(CCc1ccccc1)NCC(O)c1ccc(O)c(C(N)=O)c1,,0.0
SPID276,CC(CN1c2ccccc2Sc2ccccc21)N(C)C,,1.0
SPID38,CC(N)=NCCSCC[C@H](N)C(=O)O,,0.0
SPID363,CC(NC(C)(C)C)C(=O)c1cccc(Cl)c1,,0.0
SPID582,CC(O)(P(=O)(O)O)P(=O)(O)O,,0.0
SPID635,CC(O)C(CO)NC(=O)C1CSSCC(NC(=O)C(N)Cc2ccccc2)C(=O)NC(Cc2ccccc2)C(=O)NC(Cc2c[nH]c3ccccc23)C(=O)NC(CCCCN)C(=O)NC(C(C)O)C(=O)N1,,0.0
SPID225,CC(O)C1C(=O)N2C(C(=O)O)=C(SC3CNC(C(=O)Nc4cccc(C(=O)[O-])c4)C3)C(C)C12,,0.0
SPID514,CC(c1cc2ccccc2s1)N(O)C(N)=O,,0.0
SPID382,CC/C(=C(\c1ccccc1)c1ccc(OCCN(C)C)cc1)c1ccccc1,,0.0
SPID399,CC1(C)O[C@@H]2[C@@H](CO[C@@]3(COS(N)(=O)=O)OC(C)(C)O[C@@H]23)O1,,0.0
SPID394,CC1(C)S[C@@H]2[C@H](NC(=O)[C@H](N)c3ccc(O)cc3)C(=O)N2[C@H]1C(=O)O,,0.0
SPID386,CC1(C)S[C@@H]2[C@H](NC(=O)[C@H](N)c3ccccc3)C(=O)N2[C@H]1C(=O)O,,0.0
SPID385,CC1/C=C/C=C/CC/C=C/C=C/C=C/C=CC(O[C@@H]2O[C@H](C)[C@@H](O)[C@H](N)[C@@H]2O)CC(O)C(C(=O)O)C(O)CC(=O)CC(O)C(O)CCC(O)CC(O)CC(O)CC(=O)OC(C)C(C)C1O,,0.0
SPID240,CC12C=CC(=O)C=C1CCC1C2C(O)CC2(C)C1CCC2(O)C(=O)CO,,0.0
SPID568,CC12C=CC(=O)NC1CCC1C2CCC2(C)C(C(=O)Nc3cc(C(F)(F)F)ccc3C(F)(F)F)CCC12,,0.0
SPID572,CC12CCC3c4ccc(OC(=O)c5ccccc5)cc4CCC3C1CCC2O,,1.0
SPID552,CC1=C(/C=C/C(C)=C/C=C/C(C)=C\C(=O)O)C(C)(C)CCC1,,1.0
SPID249,CC1=C(C(=O)O)N2C(=O)[C@@H](NC(=O)[C@H](N)c3ccc(O)cc3)[C@H]2SC1,,0.0
SPID706,CC1=C(C(=O)O)N2C(=O)[C@@H](NC(=O)[C@H](N)c3ccccc3)[C@H]2SC1,,0.0
SPID277,CC1=C(CC(=O)O)c2cc(F)ccc2C1=Cc1ccc([S+](C)[O-])cc1,,0.0
SPID317,CC1=NS(=O)(=O)c2cc(Cl)ccc2N1,,0.0
SPID233,CC1CC2C(C(O)CC3(C)C2CCC3(O)C(=O)CO)C2(C)C=CC(=O)C=C12,,0.0
SPID223,CC1CC2C3CCC4=CC(=O)C=CC4(C)C3(F)C(O)CC2(C)C1(O)C(=O)CO,,1.0
SPID325,CC1Cc2ccccc2N1NC(=O)c1ccc(Cl)c(S(N)(=O)=O)c1,,1.0
SPID314,CCC(=O)NCC[C@@H]1CCc2ccc3c(c21)CCO3,,0.0
SPID653,CCC(=O)O[C@H]1[C@H](O[C@@H]2[C@@H](C)[C@H](O[C@H]3C[C@@](C)(OC)[C@@H](O)[C@H](C)O3)[C@@H](C)C(=O)O[C@H](CC)[C@@](C)(O)[C@H](O)[C@@H](C)C(=O)[C@H](C)C[C@@]2(C)O)O[C@H](C)C[C@@H]1N(C)C,,0.0
SPID239,CCC(C(C)O)n1ncn(-c2ccc(N3CCN(c4ccc(OCC5COC(Cn6cncn6)(c6ccc(F)cc6F)C5)cc4)CC3)cc2)c1=O,,1.0
SPID666,CCC(C)(C)C(=O)O[C@H]1C[C@@H](C)C=C2C=C[C@H](C)[C@H](CC[C@@H]3C[C@@H](O)CC(=O)O3)[C@H]21,,1.0
SPID575,CCC(C)n1ncn(-c2ccc(N3CCN(c4ccc(OC[C@H]5CO[C@](Cn6cncn6)(c6ccc(Cl)cc6Cl)O5)cc4)CC3)cc2)c1=O,,0.0
SPID601,CCC1(C)CC(=O)NC1=O,,0.0
SPID476,CCC1(c2ccc(N)cc2)CCC(=O)NC1=O,,0.0
SPID642,CCC1(c2ccccc2)C(=O)NCNC1=O,,0.0
SPID366,CCC1=C(C)CN(C(=O)NCCc2ccc(S(=O)(=O)NC(=O)NC3CCC(C)CC3)cc2)C1=O,,1.0
SPID612,CCC1=CC2CN(C1)Cc1c([nH]c3ccccc13)[C@](C(=O)OC)(c1cc3c(cc1OC)N(C)[C@H]1[C@@](O)(C(=O)OC)[C@H](OC(C)=O)[C@]4(CC)C=CCN5CC[C@]31[C@@H]54)C2,,1.0
SPID229,CCCC(=O)OC1(C(=O)CO)CCC2C3CCC4=CC(=O)CCC4(C)C3C(O)CC21C,,0.0
SPID221,CCCC1CC(C(=O)NC(C(C)Cl)C2OC(SC)C(O)C(O)C2O)N(C)C1,,0.0
SPID219,CCCC1OC2CC3C4CCC5=CC(=O)C=CC5(C)C4C(O)CC3(C)C2(C(=O)CO)O1,,0.0
SPID303,CCCCC(=O)N(Cc1ccc(-c2ccccc2-c2nn[nH]n2)cc1)[C@H](C(=O)O)C(C)C,,0.0
SPID610,CCCCC(C)(O)C/C=C/[C@H]1[C@H](O)CC(=O)[C@@H]1CCCCCCC(=O)OC,,0.0
SPID515,CCCCC1=NC2(CCCC2)C(=O)N1Cc1ccc(-c2ccccc2-c2nn[nH]n2)cc1,,0.0
SPID244,CCCCCCC(=O)OC1CCC2C3CCC4=CC(=O)CCC4(C)C3CCC12C,,0.0
SPID387,CCCCCCCCCC(=O)N[C@@H](Cc1c[nH]c2ccccc12)C(=O)N[C@@H](CC(N)=O)C(=O)N[C@@H](CC(=O)O)C(=O)N[C@@H]1C(=O)NCC(=O)N[C@@H](CCCN)C(=O)N[C@@H](CC(=O)O)C(=O)N[C@H](C)C(=O)N[C@@H](CC(=O)O)C(=O)NCC(=O)N[C@H](CO)C(=O)N[C@@H]([C@H](C)CC(=O)O)C(=O)N[C@@H](CC(=O)c2ccccc2N)C(=O)O[C@@H]1C,,0.0
SPID600,CCCCCCCCCCC[C@@H](C[C@@H]1OC(=O)[C@H]1CCCCCC)OC(=O)[C@H](CC(C)C)NC=O,,0.0
SPID12,CCCCN1C(=O)[C@@H]([C@H](O)C2CCCCC2)NC(=O)C12CCN(Cc1ccc(Oc3ccc(C(=O)O)cc3)cc1)CC2,,0.0
SPID604,CCCCNC(=O)NS(=O)(=O)c1ccc(C)cc1,,0.0
SPID687,CCCCNc1cc(C(=O)O)cc(S(N)(=O)=O)c1Oc1ccccc1,,0.0
SPID629,CCCCc1nc(Cl)c(CO)n1Cc1ccc(-c2ccccc2-c2nn[nH]n2)cc1,,0.0
SPID424,CCCCc1ncc(/C=C(\Cc2cccs2)C(=O)O)n1Cc1ccc(C(=O)O)cc1,,0.0
SPID316,CCCCc1oc2ccc(NS(C)(=O)=O)cc2c1C(=O)c1ccc(OCCCN(CCCC)CCCC)cc1,,0.0
SPID469,CCCN(CCC)S(=O)(=O)c1ccc(C(=O)O)cc1,,0.0
SPID296,CCCN1C[C@H](CSC)C[C@@H]2c3cccc4[nH]cc(c34)C[C@H]21,,1.0
SPID370,CCCNC(=O)NS(=O)(=O)c1ccc(Cl)cc1,,0.0
SPID330,CCCNCC(O)COc1ccccc1C(=O)CCc1ccccc1,,0.0
SPID336,CCCN[C@@H]1CCc2nc(N)sc2C1,,0.0
SPID688,CCCSc1ccc2nc(NC(=O)OC)[nH]c2c1,,0.0
SPID264,CCC[C@@H]1C[C@@H](C(=O)N[C@@H]([C@H]2O[C@H](SC)[C@H](O)[C@@H](O)[C@H]2O)[C@@H](C)O)N(C)C1,,0.0
SPID304,CCC[C@H](N[C@@H](C)C(=O)N1[C@H](C(=O)O)C[C@@H]2CCCC[C@@H]21)C(=O)OCC,,0.0
SPID417,CCCc1cc(=O)[nH]c(=S)[nH]1,,0.0
SPID576,CCCc1nc(C(C)(C)O)c(C(=O)OCc2oc(=O)oc2C)n1Cc1ccc(-c2ccccc2-c2nn[nH]n2)cc1,,0.0
SPID482,CCCc1nc2c(C)cc(-c3nc4ccccc4n3C)cc2n1Cc1ccc(-c2ccccc2C(=O)O)cc1,,0.0
SPID461,CCCc1nn(C)c2c(=O)[nH]c(-c3cc(S(=O)(=O)N4CCN(C)CC4)ccc3OCC)nc12,,0.0
SPID428,CCN(CC)C(=O)/C(C#N)=C/c1cc(O)c(O)c([N+](=O)[O-])c1,,0.0
SPID602,CCN(CC)C(=S)SSC(=S)N(CC)CC,,1.0
SPID624,CCN(CC)CC#CCOC(=O)C(O)(c1ccccc1)C1CCCCC1,,1.0
SPID379,CCN(CC)CC(=O)Nc1c(C)cccc1C,,0.0
SPID410,CCN(CC)CCNC(=O)c1c(C)[nH]c(/C=C2\C(=O)Nc3ccc(F)cc32)c1C,,1.0
SPID619,CCN(CC)CCNC(=O)c1cc(Cl)c(N)cc1OC,,1.0
SPID320,CCN(CC)CCNC(=O)c1ccc(N)cc1,,0.0
SPID257,CCN(CC)CCOC(=O)C1(C2CCCCC2)CCCCC1,,1.0
SPID567,CCN(CC)CCOc1ccc(/C(=C(\Cl)c2ccccc2)c2ccccc2)cc1,,0.0
SPID502,CCN(CCO)CCCC(C)Nc1ccnc2cc(Cl)ccc12,,1.0
SPID337,CCN1CC(CCN2CCOCC2)C(c2ccccc2)(c2ccccc2)C1=O,,0.0
SPID676,CCN1CCN(C(=O)N[C@@H](C(=O)N[C@@H]2C(=O)N3[C@@H]2SC(C)(C)[C@@H]3C(=O)O)c2ccccc2)C(=O)C1=O,,0.0
SPID230,CCNC(=O)C1CCCN1C(=O)C(CCCN=C(N)N)NC(=O)C(CC(C)C)NC(=O)C(CC(C)C)NC(=O)C(Cc1ccc(O)cc1)NC(=O)C(CO)NC(=O)C(Cc1c[nH]c2ccccc12)NC(=O)C(Cc1cnc[nH]1)NC(=O)C1CCC(=O)N1,,0.0
SPID603,CCOC(=O)C(C)(C)Oc1ccc(Cl)cc1,,0.0
SPID227,CCOC(=O)C1=C(C)NC(C)=C(C(=O)OC)C1c1cccc(Cl)c1Cl,,0.0
SPID68,CCOC(=O)C1=C(COCCN)NC(C)=C(C(=O)OC)C1c1ccccc1Cl,,1.0
SPID433,CCOC(=O)C1=C[C@@H](OC(CC)CC)[C@H](NC(C)=O)[C@@H](N)C1,,0.0
SPID686,CCOC(=O)N1CCC(=C2c3ccc(Cl)cc3CCc3cccnc32)CC1,,0.0
SPID587,CCOC(=O)[C@@](C)(N)Cc1ccc(O)c(O)c1,,0.0
SPID456,CCOC(=O)[C@H](CCc1ccccc1)N[C@@H](C)C(=O)N1CCC[C@H]1C(=O)O,,0.0
SPID532,CCOC(=O)[C@H](CCc1ccccc1)N[C@@H](C)C(=O)N1Cc2ccccc2C[C@H]1C(=O)O,,0.0
SPID560,CCOC(=O)[C@H](CCc1ccccc1)N[C@@H](C)C(=O)N1[C@H](C(=O)O)C[C@@H]2CCC[C@@H]21,,0.0
SPID306,CCOC(=O)[C@H](CCc1ccccc1)N[C@@H](C)C(=O)N1[C@H](C(=O)O)C[C@H]2CCCC[C@@H]21,,0.0
SPID338,CCOC(=O)[C@H](CCc1ccccc1)N[C@H]1CCc2ccccc2N(CC(=O)O)C1=O,,0.0
SPID418,CCOC(=O)c1ccc(N)cc1,,0.0
SPID404,CCOC(=O)c1ncn2c1CN(C)C(=O)c1cc(F)ccc1-2,,0.0
SPID465,CCOc1cc(CC(=O)N[C@@H](CC(C)C)c2ccccc2N2CCCCC2)ccc1C(=O)O,,0.0
SPID651,CCOc1ccc(NC(C)=O)cc1,,1.0
SPID618,CCOc1nc2cccc(C(=O)OC(C)OC(=O)OC3CCCCC3)c2n1Cc1ccc(-c2ccccc2-c2nn[nH]n2)cc1,,1.0
SPID561,CCS(=O)(=O)CCn1c([N+](=O)[O-])cnc1C,,0.0
SPID286,CC[C@@H](C(N)=O)N1CCCC1=O,,0.0
SPID319,CC[C@@H](C)[C@H]1O[C@]2(CC[C@@H]1C)C[C@@H]1C[C@@H](C/C=C(\C)[C@@H](O[C@H]3C[C@H](OC)[C@@H](O[C@H]4C[C@H](OC)[C@@H](O)[C@H](C)O4)[C@H](C)O3)[C@@H](C)/C=C/C=C3\CO[C@@H]4[C@H](O)C(C)=CC(C(=O)O1)[C@]34O)O2,,0.0
SPID443,CC[C@@H](CO)NCCN[C@@H](CC)CO,,0.0
SPID480,CC[C@@]1(O)C(=O)OCc2c1cc1n(c2=O)Cc2cc3ccccc3nc2-1,,0.0
SPID547,CC[C@H](C)C(=O)O[C@H]1CCC=C2C=C[C@H](C)[C@H](CC[C@@H]3C[C@@H](O)CC(=O)O3)[C@H]21,,1.0
SPID486,CC[C@H](C)C(=O)O[C@H]1C[C@@H](C)C=C2C=C[C@H](C)[C@H](CC[C@@H]3C[C@@H](O)CC(=O)O3)[C@H]21,,1.0
SPID555,CC[C@H](C)C(=O)O[C@H]1C[C@H](O)C=C2C=C[C@H](C)[C@H](CC[C@@H](O)C[C@@H](O)CC(=O)O)[C@H]21,,0.0
SPID656,CC[C@H](C)[C@@H]1NC(=O)[C@H](Cc2ccc(O)cc2)NC(=O)[C@@H](N)CSSC[C@@H](C(=O)N2CCC[C@H]2C(=O)N[C@@H](CC(C)C)C(=O)NCC(N)=O)NC(=O)[C@H](CC(N)=O)NC(=O)[C@H](CCC(N)=O)NC1=O,,1.0
SPID23,CC[C@H](NC(=O)c1c(O)c(-c2ccccc2)nc2ccccc12)c1ccccc1,,0.0
SPID307,CC[C@H]1OC(=O)[C@H](C)C(=O)[C@H](C)[C@@H](O[C@@H]2O[C@H](C)C[C@H](N(C)C)[C@H]2O)[C@](C)(OC)C[C@@H](C)C(=O)[C@H](C)[C@@H]2N(CCCCn3cnc(-c4cccnc4)c3)C(=O)O[C@@]21C,,0.0
SPID622,CC[C@H]1OC(=O)[C@H](C)[C@@H](O[C@H]2C[C@@](C)(OC)[C@@H](O)[C@H](C)O2)C(C)[C@@H](O[C@@H]2O[C@H](C)C[C@H](N(C)C)[C@H]2O)[C@](C)(O)C[C@@H](C)CN(C)[C@H](C)[C@@H](O)[C@]1(C)O,,0.0
SPID606,CC[C@H]1OC(=O)[C@H](C)[C@@H](O[C@H]2C[C@@](C)(OC)[C@@H](O)[C@H](C)O2)[C@H](C)[C@@H](O[C@@H]2O[C@H](C)C[C@H](N(C)C)[C@H]2O)[C@](C)(O)C[C@@H](C)/C(=N\OCOCCOC)[C@H](C)[C@@H](O)[C@]1(C)O,,0.0
SPID467,CC[C@H]1OC(=O)[C@H](C)[C@@H](O[C@H]2C[C@@](C)(OC)[C@@H](O)[C@H](C)O2)[C@H](C)[C@@H](O[C@@H]2O[C@H](C)C[C@H](N(C)C)[C@H]2O)[C@](C)(O)C[C@@H](C)C(=O)[C@H](C)[C@@H](O)[C@]1(C)O,,0.0
SPID536,CC[C@H]1OC(=O)[C@H](C)[C@@H](O[C@H]2C[C@@](C)(OC)[C@@H](O)[C@H](C)O2)[C@H](C)[C@@H](O[C@@H]2O[C@H](C)C[C@H](N(C)C)[C@H]2O)[C@](C)(OC)C[C@@H](C)C(=O)[C@H](C)[C@@H](O)[C@]1(C)O,,0.0
SPID496,CC[C@]1(O)C[C@@H]2CN(CCc3c([nH]c4ccccc34)[C@@](C(=O)OC)(c3cc4c(cc3OC)N(C)[C@H]3[C@@](O)(C(=O)OC)[C@H](OC(C)=O)[C@]5(CC)C=CCN6CC[C@]43[C@@H]65)C2)C1,,1.0
SPID669,CC[C@]1(O)C[C@H]2CN(CCc3c([nH]c4ccccc34)[C@@](C(=O)OC)(c3cc4c(cc3OC)N(C=O)[C@H]3[C@@](O)(C(=O)OC)[C@H](OC(C)=O)[C@]5(CC)C=CCN6CC[C@]43[C@@H]65)C2)C1,,0.0
SPID681,CCc1c2c(nc3ccc(OC(=O)N4CCC(N5CCCCC5)CC4)cc13)-c1cc3c(c(=O)n1C2)COC(=O)[C@]3(O)CC,,0.0
SPID356,CCc1ccc(CCOc2ccc(CC3SC(=O)NC3=O)cc2)nc1,,0.0
SPID659,CCc1cccc2c3c([nH]c12)C(CC)(CC(=O)O)OCC3,,0.0
SPID288,CCc1nn(CCCN2CCN(c3cccc(Cl)c3)CC2)c(=O)n1CCOc1ccccc1,,1.0
SPID626,CCc1oc2ccccc2c1C(=O)c1cc(Br)c(O)c(Br)c1,,0.0
SPID722,CCn1cc(C(=O)O)c(=O)c2cc(F)c(N3CCNC(C)C3)c(F)c21,,0.0
SPID710,CCn1cc(C(=O)O)c(=O)c2cc(F)c(N3CCNCC3)cc21,,0.0
SPID717,CCn1cc(C(=O)O)c(=O)c2cc(F)c(N3CCNCC3)nc21,,0.0
SPID705,CCn1cc(C(=O)O)c(=O)c2ccc(C)nc21,,0.0
SPID94,CCn1ncc2c(NC3CCOCC3)c(-c3nnc(Cc4sc(C)nc4C)o3)cnc21,,0.0
SPID158,CCn1nnc([C@H]2O[C@@H](n3cnc4c(N)nc(N[C@H](CO)Cc5ccccc5)nc43)[C@H](O)[C@@H]2O)n1,,0.0
SPID42,CN(C(=O)CN1C(=O)COc2cc(Cl)c(Cl)cc21)[C@@H](CN1CCCC1)c1ccc(-c2cccc(C(N)=O)c2)cc1,,0.0
SPID313,CN(C)C(=N)N=C(N)N,,0.0
SPID268,CN(C)C(=O)Oc1cccc([N+](C)(C)C)c1,,0.0
SPID218,CN(C)CCC(c1ccc(Br)cc1)c1ccccn1,,1.0
SPID251,CN(C)CCC(c1ccc(Cl)cc1)c1ccccn1,,0.0
SPID350,CN(C)CCC=C1c2ccccc2CCc2ccccc21,,0.0
SPID259,CN(C)CCC=C1c2ccccc2COc2ccccc21,,1.0
SPID352,CN(C)CCCC1(c2ccc(F)cc2)OCc2cc(C#N)ccc21,,0.0
SPID342,CN(C)CCCN1c2ccccc2CCc2ccc(Cl)cc21,,0.0
SPID329,CN(C)CCCN1c2ccccc2CCc2ccccc21,,0.0
SPID252,CN(C)CCCN1c2ccccc2Sc2ccc(Cl)cc21,,1.0
SPID621,CN(C)CCOC(c1ccccc1)c1ccccc1,,0.0
SPID48,CN(C)CCOc1cc(NS(=O)(=O)c2c(Cl)cc(C(F)(F)F)cc2Cl)ccc1Cl,,0.0
SPID580,CN(C)CCOc1ccc(/C(=C(/CCCl)c2ccccc2)c2ccccc2)cc1,,1.0
SPID308,CN(C)CCc1c[nH]c2ccc(C[C@H]3COC(=O)N3)cc12,,0.0
SPID422,CN(C)CCc1c[nH]c2ccc(Cn3cncn3)cc12,,0.0
SPID355,CN(C)[C@@H]1C(=O)C(C(N)=O)=C(O)[C@@]2(O)C(=O)C3=C(O)c4c(O)ccc(Cl)c4[C@@](C)(O)[C@H]3C[C@@H]12,,0.0
SPID279,CN(C)[C@@H]1C(=O)C(C(N)=O)=C(O)[C@@]2(O)C(=O)C3=C(O)c4c(O)cccc4[C@@](C)(O)[C@H]3C[C@@H]12,,0.0
SPID271,CN(C)[C@@H]1C(=O)C(C(N)=O)=C(O)[C@@]2(O)C(=O)C3=C(O)c4c(O)cccc4[C@@](C)(O)[C@H]3[C@H](O)[C@@H]12,,0.0
SPID291,CN(C)c1cc(NC(=O)CNC(C)(C)C)c(O)c2c1C[C@H]1C[C@H]3[C@H](N(C)C)C(=O)C(C(N)=O)=C(O)[C@@]3(O)C(=O)C1=C2O,,0.0
SPID125,CN(C)c1cc2c(Nc3ccc4c(cnn4Cc4ccccc4)c3)ncnc2cn1,,0.0
SPID426,CN(C)c1ccc(O)c2c1C[C@H]1C[C@H]3[C@H](N(C)C)C(=O)C(C(N)=O)=C(O)[C@@]3(O)C(=O)C1=C2O,,0.0
SPID695,CN(C)c1nc(N(C)C)nc(N(C)C)n1,,0.0
SPID413,CN(C/C=C/C#CC(C)(C)C)Cc1cccc2ccccc12,,0.0
SPID354,CN(CCOc1ccc(CC2SC(=O)NC2=O)cc1)c1ccccn1,,0.0
SPID419,CN(CCOc1ccc(NS(C)(=O)=O)cc1)CCc1ccc(NS(C)(=O)=O)cc1,,0.0
SPID499,CN(Cc1cnc2nc(N)nc(N)c2n1)c1ccc(C(=O)N[C@@H](CCC(=O)O)C(=O)O)cc1,,0.0
SPID497,CN/C(=C\[N+](=O)[O-])NCCSCc1ccc(CN(C)C)o1,,0.0
SPID500,CN/C(=C\[N+](=O)[O-])NCCSCc1csc(CN(C)C)n1,,0.0
SPID274,CN1C(C(=O)Nc2ccccn2)=C(O)c2ccccc2S1(=O)=O,,0.0
SPID357,CN1C2CC(OC(=O)C(CO)c3ccccc3)CC1C1OC12,,0.0
SPID216,CN1C2CCC1CC(OC(=O)C(CO)c1ccccc1)C2,,1.0
SPID403,CN1CC(=O)N2[C@H](c3ccc4c(c3)OCO4)c3[nH]c4ccccc4c3C[C@@H]2C1=O,,0.0
SPID332,CN1CCC(=C2c3ccccc3C=Cc3ccccc32)CC1,,0.0
SPID253,CN1CCC[C@@H]1CCO[C@](C)(c1ccccc1)c1ccc(Cl)cc1,,1.0
SPID92,CN1CCCn2c1cc(OCc1cc(F)c(Oc3ccc(C(F)(F)F)nc3)c(F)c1)nc2=O,,0.0
SPID478,CN1CCN(C2=Nc3cc(Cl)ccc3Nc3ccccc32)CC1,,1.0
SPID592,CN1CCN(C2=Nc3ccccc3Oc3ccc(Cl)cc32)CC1,,0.0
SPID328,CN1CCN(CCCN2c3ccccc3Sc3ccc(Cl)cc32)CC1,,0.0
SPID102,CN1CCN(c2cccc3nc(CN(C)[C@H]4CCCc5cccnc54)c(CO)n23)CC1,,1.0
SPID353,CN1CCN2c3ncccc3Cc3ccccc3C2C1,,0.0
SPID248,CN1CCc2cccc3c2[C@H]1Cc1ccc(O)c(O)c1-3,,0.0
SPID177,CN1Cc2cc(C(=O)N3CCC(C4CCNCC4)CC3)ccc2N[C@@H](CC(=O)O)C1=O,,0.0
SPID541,CN=C(NC#N)NCCSCc1nc[nH]c1C,,0.0
SPID361,CNCCC(Oc1ccc(C(F)(F)F)cc1)c1ccccc1,,0.0
SPID265,CNCCCC12CCC(c3ccccc31)c1ccccc12,,1.0
SPID333,CNCCCN1c2ccccc2CCc2ccccc21,,1.0
SPID540,CNCC[C@@H](Oc1ccccc1C)c1ccccc1,,1.0
SPID484,CNCC[C@H](Oc1cccc2ccccc12)c1cccs1,,0.0
SPID289,CNNCc1ccc(C(=O)NC(C)C)cc1,,0.0
SPID421,CNS(=O)(=O)Cc1ccc2[nH]cc(CCN(C)C)c2c1,,0.0
SPID637,CN[C@H](CC(C)C)C(=O)N[C@H]1C(=O)N[C@@H](CC(N)=O)C(=O)N[C@H]2C(=O)N[C@H]3C(=O)N[C@H](C(=O)N[C@H](C(=O)O)c4cc(O)cc(O)c4-c4cc3ccc4O)[C@H](O)c3ccc(c(Cl)c3)Oc3cc2cc(c3O[C@@H]2O[C@H](CO)[C@@H](O)[C@H](O)[C@H]2O[C@H]2C[C@](C)(N)[C@H](O)[C@H](C)O2)Oc2ccc(cc2Cl)[C@H]1O,,0.0
SPID531,CN[C@H]1CC[C@@H](c2ccc(Cl)c(Cl)c2)c2ccccc21,,0.0
SPID349,CO/N=C(/C(=O)N[C@@H]1C(=O)N2C(C(=O)[O-])=C(CSc3nc(=O)c(=O)[nH]n3C)CS[C@H]12)c1csc(N)n1,,1.0
SPID605,CO/N=C(\C(=O)N[C@@H]1C(=O)N2C(C(=O)O)=C(COC(N)=O)CS[C@H]12)c1ccco1,,0.0
SPID250,CO/N=C(\C(=O)N[C@@H]1C(=O)N2C(C(=O)[O-])=C(COC(C)=O)CS[C@H]12)c1csc(N)n1,,0.0
SPID529,COC(=O)C1=C(C)NC(C)=C(C(=O)OC(C)C)C1c1cccc2nonc12,,0.0
SPID186,COC(=O)C1=C(C)NC(C)=C(C(=O)OC)C1c1ccccc1[N+](=O)[O-],,0.0
SPID383,COC(=O)C1=C(C)NC(C)=C(C(=O)OCC(C)C)C1c1ccccc1[N+](=O)[O-],,0.0
SPID284,COC(=O)C1=C(C)NC(C)=C(C(=O)OCCN(C)Cc2ccccc2)C1c1cccc([N+](=O)[O-])c1,,0.0
SPID435,COC(=O)CCc1ccc(OCC(O)CNC(C)C)cc1,,1.0
SPID721,COC(=O)Nc1nc2ccc(C(=O)c3ccccc3)cc2[nH]1,,0.0
SPID423,COC(=O)[C@H](c1ccccc1Cl)N1CCc2sccc2C1,,0.0
SPID487,COC(=O)[C@H]1[C@H]2C[C@@H]3c4[nH]c5cc(OC)ccc5c4CCN3C[C@H]2C[C@@H](OC(=O)c2cc(OC)c(OC)c(OC)c2)[C@@H]1OC,,1.0
SPID553,COC12C(COC(N)=O)C3=C(C(=O)C(C)=C(N)C3=O)N1CC1NC12,,0.0
SPID632,COC1=CC(=O)C[C@@H](C)[C@]12Oc1c(Cl)c(OC)cc(OC)c1C2=O,,0.0
SPID530,COCC1=C(C(=O)O)N2C(=O)[C@@H](NC(=O)/C(=N\OC)c3csc(N)n3)[C@H]2SC1,,0.0
SPID312,COCCCC/C(=N\OCCN)c1ccc(C(F)(F)F)cc1,,1.0
SPID367,COCCCOc1cc(C[C@@H](C[C@H](N)[C@@H](O)C[C@H](C(=O)NCC(C)(C)C(N)=O)C(C)C)C(C)C)ccc1OC,,0.0
SPID512,COCCCOc1ccnc(C[S+]([O-])c2nc3ccccc3[n-]2)c1C,,0.0
SPID406,COCCOC(=O)C1=C(C)NC(C)=C(C(=O)OC(C)C)C1c1cccc([N+](=O)[O-])c1,,0.0
SPID190,COCCOc1cc(Cn2c(C(=O)O)c(-c3ccc(C(C)(C)C)cc3)c3ccccc32)cc(OCCOC)c1,,0.0
SPID267,COCCc1ccc(OCC(O)CNC(C)C)cc1,,0.0
SPID169,COC[C@H]1C[C@@](Cn2cccn2)(C(=O)O)N(C(=O)c2ccc(C(C)(C)C)c(OC)c2)[C@H]1c1nccs1,,0.0
SPID66,COC[C@]12CNCC[C@@]1(c1ccc(Cl)c(Cl)c1)C2,,0.0
SPID703,CO[C@@]1(NC(=O)C2SC(=C(C(N)=O)C(=O)[O-])S2)C(=O)N2C(C(=O)[O-])=C(CSc3nnnn3C)CS[C@@H]21,,0.0
SPID393,CO[C@H]1/C=C/O[C@@]2(C)Oc3c(C)c(O)c4c(O)c(c(/C=N/N5CCN(C)CC5)c(O)c4c3C2=O)NC(=O)/C(C)=C\C=C\[C@H](C)[C@H](O)[C@@H](C)[C@@H](O)[C@@H](C)[C@H](OC(C)=O)[C@@H]1C,,0.0
SPID693,CO[C@H]1/C=C/O[C@@]2(C)Oc3c(C)c(O)c4c(O)c(c(/C=N/N5CCN(C6CCCC6)CC5)c(O)c4c3C2=O)NC(=O)/C(C)=C\C=C\[C@H](C)[C@H](O)[C@@H](C)[C@@H](O)[C@@H](C)[C@H](OC(C)=O)[C@@H]1C,,1.0
SPID533,CO[C@H]1/C=C/O[C@@]2(C)Oc3c(C)c(O)c4c(O)c(c5c(c4c3C2=O)NC2(CCN(CC(C)C)CC2)N=5)=NC(=O)/C(C)=C\C=C\[C@H](C)[C@H](O)[C@@H](C)[C@@H](O)[C@@H](C)[C@H](OC(C)=O)[C@@H]1C,,0.0
SPID569,CO[C@H]1C=CO[C@@]2(C)Oc3c(C)c(O)c4c(O)c(c5c(nc6cc(C)ccn65)c4c3C2=O)NC(=O)/C(C)=C\C=C/[C@H](C)[C@H](O)[C@@H](C)[C@@H](O)[C@@H](C)[C@H](OC(C)=O)[C@@H]1C,,0.0
SPID616,CO[C@H]1C[C@@H]2CC[C@@H](C)[C@@](O)(O2)C(=O)C(=O)N2CCCC[C@H]2C(=O)O[C@H]([C@H](C)C[C@@H]2CC[C@@H](OC(=O)C(C)(CO)CO)[C@H](OC)C2)CC(=O)[C@H](C)/C=C(\C)[C@@H](O)[C@@H](OC)C(=O)[C@H](C)C[C@H](C)/C=C/C=C/C=C/1C,,1.0
SPID462,CO[C@H]1C[C@@H]2CC[C@@H](C)[C@@](O)(O2)C(=O)C(=O)N2CCCC[C@H]2C(=O)O[C@H]([C@H](C)C[C@@H]2CC[C@@H](OCCO)[C@H](OC)C2)CC(=O)[C@H](C)/C=C(\C)[C@@H](O)[C@@H](OC)C(=O)[C@H](C)C[C@H](C)/C=C/C=C/C=C/1C,,0.0
SPID675,CO[C@H]1O[C@@H]2O[C@@]3(C)CC[C@H]4[C@H](C)CC[C@@H]([C@H]1C)[C@@]24OO3,,0.0
SPID558,COc1c(C)c2c(c(O)c1C/C=C(\C)CCC(=O)OCCN1CCOCC1)C(=O)OC2,,0.0
SPID709,COc1c(N2CCNC(C)C2)c(F)cc2c(=O)c(C(=O)O)cn(C3CC3)c12,,0.0
SPID697,COc1c(N2C[C@@H]3CCCN[C@@H]3C2)c(F)cc2c(=O)c(C(=O)O)cn(C3CC3)c12,,0.0
SPID21,COc1cc(Br)c(S(=O)(=O)Nc2ccc(C(F)(F)F)c(O[C@@H]3CCN(C)C3)c2)cc1OC,,0.0
SPID71,COc1cc(Br)c(S(=O)(=O)Nc2ccc(Cl)c(O[C@@H]3CCN(C)C3)c2)cc1OC,,1.0
SPID164,COc1cc(C(=O)NS(=O)(=O)c2ccccc2C)ccc1Cc1cn(C)c2ccc(NC(=O)OC3CCCC3)cc12,,0.0
SPID452,COc1cc(C(C)=O)ccc1OCCCN1CCC(c2noc3cc(F)ccc23)CC1,,1.0
SPID657,COc1cc(C)c(/C=C/C(C)=C/C=C/C(C)=C\C(=O)O)c(C)c1C,,0.0
SPID388,COc1cc(Cc2cnc(N)nc2N)cc(OC)c1OC,,0.0
SPID346,COc1cc(N)c(Cl)cc1C(=O)NC1CCN(CCCOc2ccc(F)cc2)CC1OC,,0.0
SPID347,COc1cc(NC(C)CCCN)c2ncccc2c1,,0.0
SPID509,COc1cc([C@@H]2c3cc4c(cc3[C@@H](O[C@@H]3O[C@@H]5CO[C@@H](C)O[C@H]5[C@H](O)[C@H]3O)[C@H]3COC(=O)[C@H]23)OCO4)cc(OC)c1O,,0.0
SPID300,COc1cc([C@@H]2c3cc4c(cc3[C@@H](O[C@@H]3O[C@@H]5CO[C@@H](c6cccs6)O[C@H]5[C@H](O)[C@H]3O)[C@H]3COC(=O)[C@H]23)OCO4)cc(OC)c1O,,1.0
SPID255,COc1cc2c(c(OC)c1OC)-c1ccc(OC)c(=O)cc1[C@@H](NC(C)=O)CC2,,0.0
SPID45,COc1cc2c(cc1N1C[C@@H](C)N[C@@H](C)C1)N(C(=O)c1ccc(-c3ccc(-c4noc(C)n4)cc3C)cc1)CC2,,0.0
SPID627,COc1cc2c(cc1OC)C(=O)C(CC1CCN(Cc3ccccc3)CC1)C2,,1.0
SPID59,COc1cc2c(cc1OC)CN(CCc1ccc(NC(=O)c3cccc4c(=O)c5cccc(OC)c5[nH]c34)cc1)CC2,,0.0
SPID168,COc1cc2c(cc1S(=O)(=O)c1ccc(OCc3ccc(Cl)cc3)cc1)CCN(C)CC2,,1.0
SPID344,COc1cc2nc(N(C)CCCNC(=O)C3CCCO3)nc(N)c2cc1OC,,0.0
SPID331,COc1cc2nc(N3CCN(C(=O)C4CCCO4)CC3)nc(N)c2cc1OC,,0.0
SPID556,COc1cc2nc(N3CCN(C(=O)C4COc5ccccc5O4)CC3)nc(N)c2cc1OC,,1.0
SPID360,COc1cc2nc(N3CCN(C(=O)c4ccco4)CC3)nc(N)c2cc1OC,,1.0
SPID470,COc1cc2ncnc(Nc3ccc(F)c(Cl)c3)c2cc1OCCCN1CCOCC1,,1.0
SPID517,COc1ccc(-c2nc3ccc(C4=NNC(=O)CC4C)cc3[nH]2)cc1,,1.0
SPID19,COc1ccc(-n2nnnc2C(F)(F)F)cc1CN[C@H]1CCCN[C@H]1c1ccccc1,,1.0
SPID521,COc1ccc(/C=C/C(=O)Nc2ccccc2C(=O)O)cc1OC,,0.0
SPID495,COc1ccc(C(CN(C)C)C2(O)CCCCC2)cc1,,0.0
SPID369,COc1ccc(Cc2nccc3cc(OC)c(OC)cc23)cc1OC,,0.0
SPID146,COc1ccc(N2C[C@@H](C)N[C@@H](C)C2)cc1NS(=O)(=O)c1ccc(-c2ccc(C)o2)c(F)c1,,1.0
SPID15,COc1ccc(OC(=O)N(CC(=O)O)Cc2ccc(OCCc3nc(-c4ccccc4)oc3C)cc2)cc1,,0.0
SPID7,COc1ccc(S(=O)(=O)N2CCCN(S(=O)(=O)c3ccc(OC)c(OC)c3)CC2)cc1OC,,0.0
SPID75,COc1ccc(S(=O)(=O)Nc2cc(Cl)cc(Cl)c2OC)cc1N1CCNCC1,,0.0
SPID318,COc1ccc([C@@H]2Sc3ccccc3N(CCN(C)C)C(=O)[C@@H]2OC(C)=O)cc1,,1.0
SPID631,COc1ccc2[nH]cc(CCNC(C)=O)c2c1,,0.0
SPID384,COc1ccc2c(c1)c(CC(=O)O)c(C)n2C(=O)c1ccc(Cl)cc1,,0.0
SPID420,COc1ccc2c3c1O[C@H]1C[C@@H](O)C=C[C@@]31CCN(C)C2,,0.0
SPID611,COc1ccc2cc(C(C)C(=O)O)ccc2c1,,1.0
SPID679,COc1ccc2nc([S+]([O-])Cc3ncc(C)c(OC)c3C)[nH]c2c1,,0.0
SPID159,COc1cccc2c1C(=O)c1c(O)c3c(c(O)c1C2=O)C[C@@](O)(C(=O)CO)C[C@@H]3O[C@H]1C[C@H](N)[C@H](O)[C@H](C)O1,,0.0
SPID507,COc1cccc2c1C(=O)c1c(O)c3c(c(O)c1C2=O)C[C@@](O)(C(C)=O)C[C@@H]3O[C@H]1C[C@H](N)[C@H](O)[C@H](C)O1,,0.0
SPID25,COc1cccc2c1c(NS(=O)(=O)c1ccc(Cl)s1)nn2Cc1cccc(CNC(=O)C(C)(C)O)c1,,0.0
SPID390,COc1ccccc1OCC(O)COC(N)=O,,0.0
SPID376,COc1ccccc1OCCNCC(O)COc1cccc2[nH]c3ccccc3c12,,1.0
SPID431,COc1ccccc1Oc1c(NS(=O)(=O)c2ccc(C(C)(C)C)cc2)nc(-c2ncccn2)nc1OCCO,,0.0
SPID156,COc1ccnc(C[S+]([O-])c2nc3cc(OC(F)F)ccc3[n-]2)c1OC,,0.0
SPID579,COc1nc(N)nc2c1ncn2[C@@H]1O[C@H](CO)[C@@H](O)[C@@H]1O,,0.0
SPID578,CS(=O)(=O)CCNCc1ccc(-c2ccc3ncnc(Nc4ccc(OCc5cccc(F)c5)c(Cl)c4)c3c2)o1,,0.0
SPID377,CS(=O)(=O)Nc1ccc([N+](=O)[O-])cc1Oc1ccccc1,,0.0
SPID121,CS(=O)(=O)Nc1cccc(CC(=O)NC[C@H]2CN(Cc3ccc(F)c(F)c3)CCO2)c1,,0.0
SPID220,CS(=O)(=O)OCCCCOS(C)(=O)=O,,0.0
SPID86,CS(=O)(=O)c1ccc(C2=C(c3ccccc3)C(=O)OC2)cc1,,0.0
SPID506,C[C@@H](O)[C@H]1C(=O)N2C(C(=O)O)=C(S[C@@H]3CN[C@H](CNS(N)(=O)=O)C3)[C@H](C)[C@H]12,,0.0
SPID641,C[C@@H](O[C@@H]1OCCN(Cc2n[nH]c(=O)[nH]2)[C@@H]1c1ccc(F)cc1)c1cc(C(F)(F)F)cc(C(F)(F)F)c1,,0.0
SPID116,C[C@@H](Oc1cc(-n2cnc3ccc(CN4CCN(C)CC4)cc32)sc1C(N)=O)c1ccccc1C(F)(F)F,,1.0
SPID665,C[C@@H](c1ncncc1F)[C@](O)(Cn1cncn1)c1ccc(F)cc1F,,0.0
SPID292,C[C@@H]1CC[C@H]2[C@@H](C)C(=O)O[C@@H]3O[C@]4(C)CC[C@@H]1[C@]32OO4,,0.0
SPID715,C[C@@H]1CN(c2c(F)c(N)c3c(=O)c(C(=O)O)cn(C4CC4)c3c2F)C[C@H](C)N1,,0.0
SPID160,C[C@@H]1NC(C)(C)CO[C@@]1(O)c1cccc(Cl)c1,,0.0
SPID701,C[C@@](Cc1ccc(O)c(O)c1)(NN)C(=O)O,,0.0
SPID488,C[C@H](CS)C(=O)N1CCC[C@H]1C(=O)O,,0.0
SPID713,C[C@H](Cn1cnc2c(N)ncnc21)OCP(=O)(O)O,,0.0
SPID483,C[C@H](N[C@@H](CCc1ccccc1)C(=O)O)C(=O)N1CCC[C@H]1C(=O)O,,0.0
SPID494,C[C@H]1CN(C[C@H](Cc2ccccc2)C(=O)NCC(=O)O)CC[C@@]1(C)c1cccc(O)c1,,1.0
SPID613,C[C@H]1COc2c(N3CCN(C)CC3)c(F)cc3c(=O)c(C(=O)O)cn1c23,,0.0
SPID258,C[C@H]1O[C@@H](O[C@H]2[C@@H](O)C[C@H](O[C@H]3[C@@H](O)C[C@H](O[C@H]4CC[C@@]5(C)[C@H](CC[C@@H]6[C@@H]5C[C@@H](O)[C@]5(C)C(C7=CC(=O)OC7)CC[C@]65O)C4)O[C@@H]3C)O[C@@H]2C)C[C@H](O)[C@@H]1O,,0.0
SPID302,C[C@H]1O[C@H](O[C@H]2[C@H](O)[C@@H](O)[C@@H](O[C@H]3[C@H](O)[C@@H](O)[C@H](O)O[C@@H]3CO)O[C@@H]2CO)[C@H](O)[C@@H](O)[C@@H]1N[C@H]1C=C(CO)[C@H](O)[C@H](O)[C@H]1O,,0.0
SPID260,C[C@H]1c2cccc(O)c2C(O)=C2C(=O)[C@]3(O)C(O)=C(C(N)=O)C(=O)[C@@H](N(C)C)[C@@H]3[C@@H](O)[C@@H]21,,0.0
SPID335,C[C@](O)(CS(=O)(=O)c1ccc(F)cc1)C(=O)Nc1ccc(C#N)c(C(F)(F)F)c1,,1.0
SPID241,C[C@]12C=CC(=O)C=C1CC[C@@H]1[C@@H]2C(=O)C[C@@]2(C)[C@H]1CC[C@]2(O)C(=O)CO,,0.0
SPID378,C[C@]12CC[C@@H]3c4ccc(O)cc4CC[C@H]3[C@@H]1CC[C@@H]2O,,0.0
SPID429,C[C@]12CC[C@@H]3c4ccc(O)cc4C[C@@H](CCCCCCCCC[S+]([O-])CCCC(F)(F)C(F)(F)F)[C@H]3[C@@H]1CC[C@@H]2O,,0.0
SPID237,C[NH2+]CCC=C1c2ccccc2CCc2ccccc21,,1.0
SPID664,C[n+]1ccccc1C=NO,,0.0
SPID127,Cc1[nH]c(CO)c(-c2ccc(Oc3ccc(OC(F)(F)F)cc3)cc2)c(=O)c1Cl,,0.0
SPID503,Cc1c(-c2ccccc2)oc2c(C(=O)OCCN3CCCCC3)cccc2c1=O,,0.0
SPID142,Cc1c(C(=O)N[C@@H](CC(C)C)C(=O)N[C@H]2CC[C@@H](C)N(S(=O)(=O)c3ccccn3)CC2=O)oc2cccnc12,,0.0
SPID161,Cc1c(C)c2c(c(C)c1O)CCC(C)(COc1ccc(CC3SC(=O)NC3=O)cc1)O2,,0.0
SPID459,Cc1c(N)nc(C(CC(N)=O)NCC(N)C(N)=O)nc1C(=O)NC(C(=O)NC(C)C(O)C(C)C(=O)NC(C(=O)NCCc1nc(-c2nc(C(=O)NCCC[S+](C)C)cs2)cs1)C(C)O)C(OC1OC(CO)C(O)C(O)C1OC1OC(CO)C(O)C(OC(N)=O)C1O)c1cnc[nH]1,,0.0
SPID559,Cc1c(O)cccc1C(=O)N[C@@H](CSc1ccccc1)[C@H](O)CN1C[C@H]2CCCC[C@H]2C[C@H]1C(=O)NC(C)(C)C,,0.0
SPID546,Cc1c(OCC(F)(F)F)ccnc1C[S+]([O-])c1nc2ccccc2[nH]1,,0.0
SPID466,Cc1cc(=O)n(-c2ccccc2)n1C,,0.0
SPID9,Cc1cc(F)ccc1[C@H]1CNCCN1C(=O)N(C)[C@H](C)c1cc(C(F)(F)F)cc(C(F)(F)F)c1,,1.0
SPID643,Cc1cc(NS(=O)(=O)c2ccc(N)cc2)no1,,0.0
SPID187,Cc1cc(SCc2sc(-c3ccc(C(F)(F)F)cc3)nc2C)ccc1OCC(=O)O,,0.0
SPID191,Cc1cc(SCc2sc(-c3ccc(C(F)(F)F)cc3F)nc2C)ccc1OC(C)(C)C(=O)O,,0.0
SPID646,Cc1cc2c(s1)Nc1ccccc1N=C2N1CCN(C)CC1,,0.0
SPID498,Cc1ccc(-c2cc(C(F)(F)F)nn2-c2ccc(S(N)(=O)=O)cc2)cc1,,0.0
SPID455,Cc1ccc(C(=O)c2cc(O)c(O)c([N+](=O)[O-])c2)cc1,,0.0
SPID490,Cc1ccc(C)c(OCCCC(C)(C)C(=O)O)c1,,0.0
SPID348,Cc1ccc(N(CC2=NCCN2)c2cccc(O)c2)cc1,,0.0
SPID700,Cc1ccc(NC(=O)c2ccc(CN3CCN(C)CC3)cc2)cc1Nc1nccc(-c2cccnc2)n1,,0.0
SPID340,Cc1ccc(Nc2c(F)cccc2Cl)c(CC(=O)O)c1,,0.0
SPID427,Cc1ccc(Nc2nccc(N(C)c3ccc4c(C)n(C)nc4c3)n2)cc1S(N)(=O)=O,,1.0
SPID245,Cc1ccc(O)c(C(CCN(C(C)C)C(C)C)c2ccccc2)c1,,1.0
SPID570,Cc1ccc(S(=O)(=O)NC(=O)NN2CC3CCCC3C2)cc1,,0.0
SPID285,Cc1ccc(S(=O)(=O)NC(=O)NN2CCCCCC2)cc1,,0.0
SPID188,Cc1ccc2c(N3CCN(CCc4cccc(N5CCNC5=O)c4)CC3)cccc2n1,,0.0
SPID93,Cc1ccc2c(c1)C(=O)[C@]1(O)CCN(c3ccccc3)C1=N2,,0.0
SPID474,Cc1cccc(C)c1OCC(C)N,,0.0
SPID13,Cc1cccc(CC(=O)N2CCc3c2ccc(-c2cn(C)c4ncnc(N)c24)c3F)n1,,0.0
SPID655,Cc1cccc(Nc2ccccc2C(=O)O)c1C,,0.0
SPID432,Cc1ccccc1C(=O)Nc1ccc(C(=O)N2CCCC(O)c3cc(Cl)ccc32)c(C)c1,,0.0
SPID684,Cc1ccnc2c1NC(=O)c1cccnc1N2C1CC1,,0.0
SPID554,Cc1cn([C@@H]2C[C@@H](O)[C@H](CO)O2)c(=O)[nH]c1=O,,0.0
SPID638,Cc1cn([C@H]2C=C[C@@H](CO)O2)c(=O)[nH]c1=O,,0.0
SPID381,Cc1cn([C@H]2C[C@H](N=[N+]=[N-])[C@@H](CO)O2)c(=O)[nH]c1=O,,0.0
SPID485,Cc1cnc(C(=O)NCCc2ccc(S(=O)(=O)NC(=O)NC3CCCCC3)cc2)cn1,,0.0
SPID371,Cc1cnc(NC(=O)C2=C(O)c3ccccc3S(=O)(=O)N2C)s1,,0.0
SPID374,Cc1nc(-c2ccc(OCC(C)C)c(C#N)c2)sc1C(=O)O,,0.0
SPID14,Cc1nc(C(=O)N2CCCC[C@H]2CNC(=O)c2cccc3occc23)c(-c2ccc(F)cc2)s1,,0.0
SPID41,Cc1nc(COc2ccc(C[C@H](NC(=O)O[C@H]3CO[C@H]4OCC[C@H]43)[C@H](O)CN(CC(C)C)S(=O)(=O)c3ccc4c(c3)OCO4)cc2)cs1,,0.0
SPID591,Cc1nc(Nc2ncc(C(=O)Nc3c(C)cccc3Cl)s2)cc(N2CCN(CCO)CC2)n1,,1.0
SPID598,Cc1nc2n(c(=O)c1CCN1CCC(c3noc4cc(F)ccc34)CC1)CCCC2,,0.0
SPID557,Cc1ncc([N+](=O)[O-])n1CCO,,0.0
SPID58,Cc1nccn1CC1CCc2c(c3ccccc3n2C)C1=O,,0.0
SPID542,Cc1nnc(C(C)C)n1C1C[C@H]2CC[C@@H](C1)N2CC[C@H](NC(=O)C1CCC(F)(F)CC1)c1ccccc1,,0.0
SPID522,Cc1noc(NS(=O)(=O)c2ccc(N)cc2)c1C,,0.0
SPID395,Cc1onc(-c2c(Cl)cccc2Cl)c1C(=O)N[C@@H]1C(=O)N2[C@@H]1SC(C)(C)[C@@H]2C(=O)[O-],,0.0
SPID479,Cc1onc(-c2ccccc2)c1-c1ccc(S(N)(=O)=O)cc1,,0.0
SPID617,Cc1onc(-c2ccccc2)c1C(=O)N[C@@H]1C(=O)N2[C@@H]1SC(C)(C)[C@@H]2C(=O)[O-],,0.0
SPID254,Cc1onc(-c2ccccc2Cl)c1C(=O)N[C@@H]1C(=O)N2[C@@H]1SC(C)(C)[C@@H]2C(=O)[O-],,0.0
SPID409,Cc1oncc1C(=O)Nc1ccc(C(F)(F)F)cc1,,0.0
SPID528,Clc1ccc(C(c2ccccc2Cl)C(Cl)Cl)cc1,,0.0
SPID309,Clc1ccc(CO/N=C(\Cn2ccnc2)c2ccc(Cl)cc2Cl)c(Cl)c1,,0.0
SPID678,Clc1ccc(COC(Cn2ccnc2)c2ccc(Cl)cc2Cl)c(Cl)c1,,0.0
SPID716,Clc1ccc2c(c1)C(N1CCNCC1)=Nc1ccccc1O2,,0.0
SPID639,Clc1ccc2c(c1)CCc1cccnc1C2=C1CCNCC1,,1.0
SPID326,Clc1ccc2nsnc2c1NC1=NCCN1,,1.0
SPID508,Clc1cccc(Cl)c1NC1=NCCN1,,0.0
SPID397,Clc1ccccc1C(c1ccccc1)(c1ccccc1)n1ccnc1,,0.0
SPID334,Clc1ccccc1CN1CCc2sccc2C1,,0.0
SPID74,Cn1c(=O)c(C(=O)NCCO)c(O)c2ncc(Cc3ccc(F)cc3)cc21,,1.0
SPID674,Cn1c(=O)c2[nH]cnc2n(C)c1=O,,0.0
SPID652,Cn1c(=O)c2c(ncn2C)n(C)c1=O,,0.0
SPID398,Cn1c(=O)c2c(ncn2CC(O)CO)n(C)c1=O,,0.0
SPID85,Cn1cc(-c2ccc3c(c2)CCN3C(=O)Cc2cccc(C(F)(F)F)c2)c2c(N)ncnc21,,0.0
SPID673,Cn1cc[nH]c1=S,,0.0
SPID359,Cn1cnc([N+](=O)[O-])c1Sc1ncnc2nc[nH]c12,,0.0
SPID80,Cn1nc(CO)nc1NCCCOc1cccc(CN2CCCCC2)c1,,0.0
SPID590,Cn1nnc2c(C(N)=O)ncn2c1=O,,0.0
SPID119,Fc1ccc(-c2ncn(C3CCNCC3)c2-c2ccncc2)cc1,,0.0
SPID299,Fc1ccc([C@@H]2CCNC[C@H]2COc2ccc3c(c2)OCO3)cc1,,1.0
SPID672,N#C[C@@H]1C[C@@H]2C[C@@H]2N1C(=O)[C@@H](N)C12CC3CC(CC(O)(C3)C1)C2,,0.0
SPID132,N#C[C@@H]1C[C@H](F)CN1C(=O)[C@@H](N)C(c1ccc(F)cc1)c1ccc(F)cc1,,0.0
SPID538,N#Cc1ccc(C(c2ccc(C#N)cc2)n2cncn2)cc1,,0.0
SPID97,N#Cc1ccc(N(CC(N)=O)CC(F)(F)F)cc1C(F)(F)F,,0.0
SPID281,N=C(N)c1ccc(OCCCCCOc2ccc(C(=N)N)cc2)cc1,,0.0
SPID197,N=c1nc(N2CCCCC2)cc(N)n1O,,0.0
SPID457,NC(=O)C1CSSCCC(=O)NC(CCCCN=C(N)N)C(=O)NCC(=O)NC(CC(=O)O)C(=O)NC(Cc2c[nH]c3ccccc23)C(=O)N2CCCC2C(=O)N1,,0.0
SPID647,NC(=O)CCC1NC(=O)C(Cc2ccccc2)NC(=O)C(Cc2ccc(O)cc2)NC(=O)CCSSCC(C(=O)N2CCCC2C(=O)NC(CCCN=C(N)N)C(=O)NCC(N)=O)NC(=O)C(CC(N)=O)NC1=O,,0.0
SPID489,NC(=O)CN1CCCC1=O,,0.0
SPID571,NC(=O)N1c2ccccc2C=Cc2ccccc21,,0.0
SPID550,NC(=O)N1c2ccccc2CC(=O)c2ccccc21,,0.0
SPID389,NC(=O)NO,,0.0
SPID198,NC(=O)c1ccc(CNC(=O)NC[C@H]2CN(Cc3ccc(Cl)c(Cl)c3)CCO2)cc1,,0.0
SPID415,NC(=O)c1cccnc1,,0.0
SPID436,NC(=O)c1cnccn1,,0.0
SPID596,NC(=O)c1ncn([C@@H]2O[C@H](CO)[C@@H](O)[C@H]2O)n1,,0.0
SPID708,NC(Cc1ccc(N(CCCl)CCCl)cc1)C(=O)O,,0.0
SPID310,NC(N)=NC(=O)Cc1c(Cl)cccc1Cl,,0.0
SPID282,NC(N)=Nc1nc(CSCCC(N)=NS(N)(=O)=O)cs1,,0.0
SPID714,NCC(CC(=O)O)c1ccc(Cl)cc1,,0.0
SPID589,NCC1(CC(=O)O)CCCCC1,,0.0
SPID351,NCCCC(O)(P(=O)([O-])O)P(=O)(O)O,,0.0
SPID574,NCCCCCC(=O)O,,0.0
SPID670,NCCCC[C@H](N[C@@H](CCc1ccccc1)C(=O)O)C(=O)N1CCC[C@H]1C(=O)O,,0.0
SPID322,NCC[C@H](O)C(=O)N[C@@H]1C[C@H](N)[C@@H](O[C@H]2O[C@H](CN)[C@@H](O)[C@H](O)[C@H]2O)[C@H](O)[C@H]1O[C@H]1O[C@H](CO)[C@@H](O)[C@H](N)[C@H]1O,,0.0
SPID581,NC[C@@H]1O[C@H](O[C@H]2[C@@H](O)[C@H](O[C@@H]3[C@@H](O)[C@H](N)C[C@H](N)[C@H]3O[C@H]3O[C@H](CN)[C@@H](O)[C@H](O)[C@H]3N)O[C@@H]2CO)[C@H](N)[C@@H](O)[C@@H]1O,,0.0
SPID577,NC[C@H]1O[C@H](O[C@H]2[C@H](O)[C@@H](O[C@H]3O[C@H](CO)[C@@H](O)[C@H](N)[C@H]3O)[C@H](N)C[C@@H]2N)[C@H](O)[C@@H](O)[C@@H]1O,,0.0
SPID414,NNC(=O)c1ccncc1,,0.0
SPID272,NNCCc1ccccc1,,0.0
SPID391,NNc1nncc2ccccc12,,0.0
SPID520,NS(=O)(=O)Cc1noc2ccccc12,,0.0
SPID57,NS(=O)(=O)c1c(Cl)ccc(NC(=O)Nc2cccc(Cl)c2Cl)c1O,,0.0
SPID263,NS(=O)(=O)c1cc(C(=O)O)c(NCc2ccco2)cc1Cl,,0.0
SPID362,NS(=O)(=O)c1cc(C2(O)NC(=O)c3ccccc32)ccc1Cl,,0.0
SPID50,NS(=O)(=O)c1cc2c(cc1Cl)NCNS2(=O)=O,,0.0
SPID720,N[C@@H](C(=O)N[C@@H]1C(=O)N2C(C(=O)O)=C(Cl)CS[C@H]12)c1ccccc1,,0.0
SPID537,N[C@@H](CC(=O)N1CCn2c(nnc2C(F)(F)F)C1)Cc1cc(F)c(F)cc1F,,0.0
SPID704,N[C@@H](Cc1ccc(O)c(O)c1)C(=O)O,,0.0
SPID287,N[C@@H]1CCCC[C@H]1N,,0.0
SPID563,Nc1[nH]c(=O)ncc1F,,0.0
SPID425,Nc1c(CC(=O)O)cccc1C(=O)c1ccc(Br)cc1,,0.0
SPID324,Nc1c2c(nc3ccccc13)CCCC2,,0.0
SPID341,Nc1cc(-c2ccncc2)c[nH]c1=O,,0.0
SPID680,Nc1ccc(C(=O)O)c(O)c1,,0.0
SPID373,Nc1ccc(S(=O)(=O)Nc2ncccn2)cc1,,0.0
SPID607,Nc1ccc(S(=O)(=O)Nc2nccs2)cc1,,0.0
SPID416,Nc1ccc(S(=O)(=O)c2ccc(N)cc2)cc1,,0.0
SPID614,Nc1cccc2c1CN(C1CCC(=O)NC1=O)C2=O,,0.0
SPID707,Nc1ccn(C[C@@H](CO)OCP(=O)(O)O)c(=O)n1,,0.0
SPID608,Nc1ccn([C@@H]2CS[C@H](CO)O2)c(=O)n1,,0.0
SPID660,Nc1ccn([C@@H]2O[C@H](CO)[C@@H](O)C2(F)F)c(=O)n1,,0.0
SPID615,Nc1ccn([C@@H]2O[C@H](CO)[C@@H](O)[C@@H]2O)c(=O)n1,,0.0
SPID184,Nc1cnc(-c2cc(Cl)cc(Cl)c2Cl)c(N)n1,,0.0
SPID408,Nc1nc(=O)n([C@@H]2CS[C@H](CO)O2)cc1F,,0.0
SPID464,Nc1nc(=S)c2[nH]cnc2[nH]1,,0.0
SPID434,Nc1nc(Cl)nc2c1ncn2[C@@H]1O[C@H](CO)[C@@H](O)[C@@H]1F,,0.0
SPID430,Nc1nc(Cl)nc2c1ncn2[C@H]1C[C@H](O)[C@@H](CO)O1,,0.0
SPID411,Nc1nc(F)nc2c1ncn2[C@@H]1O[C@H](COP(=O)(O)O)[C@@H](O)[C@@H]1O,,1.0
SPID694,Nc1nc(N)c2nc(-c3ccccc3)c(N)nc2n1,,0.0
SPID698,Nc1nc(O)c2c(n1)NCC(CNc1ccc(C(=O)N[C@@H](CCC(=O)[O-])C(=O)[O-])cc1)N2C=O,,0.0
SPID290,Nc1nc2c(ncn2COC(CO)CO)c(=O)[nH]1,,0.0
SPID297,Nc1nc2c(ncn2COCCO)c(=O)[nH]1,,0.0
SPID562,Nc1nc2ccc(OC(F)(F)F)cc2s1,,0.0
SPID440,Nc1ncn([C@H]2C[C@H](O)[C@@H](CO)O2)c(=O)n1,,0.0
SPID662,Nc1nnc(-c2cccc(Cl)c2Cl)c(N)n1,,0.0
SPID380,O,,0.0
SPID201,O=C(/C=C/c1c(C(=O)[O-])[nH]c2cc(Cl)cc(Cl)c12)Nc1ccccc1,,0.0
SPID650,O=C(C1CCCCC1)N1CC(=O)N2CCc3ccccc3C2C1,,0.0
SPID524,O=C(CCCCCCC(=O)Nc1ccccc1)NO,,0.0
SPID630,O=C(CCCN1CC=C(n2c(=O)[nH]c3ccccc32)CC1)c1ccc(F)cc1,,0.0
SPID597,O=C(CCCN1CCC(O)(c2ccc(Cl)cc2)CC1)c1ccc(F)cc1,,1.0
SPID49,O=C(Cn1cc(C(F)(F)F)ccc1=O)NCc1cc2cc(C(=O)N3CCC(N4C(=O)OCc5ccccc54)CC3)ccc2o1,,0.0
SPID321,O=C(NC(CO)C(O)c1ccc([N+](=O)[O-])cc1)C(Cl)Cl,,0.0
SPID124,O=C(NC1CCOCC1)c1ccc(-c2cc(-c3cn[nH]c3-c3ccccn3)ccn2)cc1,,0.0
SPID37,O=C(NCC1CCOCC1)c1cnc(Nc2ccc(Cl)cc2Cl)nc1C(F)(F)F,,1.0
SPID412,O=C(NCCN1CCOCC1)c1ccc(Cl)cc1,,0.0
SPID17,O=C(NNc1cc(C(F)(F)F)cc(C(F)(F)F)c1)[C@@H](c1cccnc1)N1CCN2CCC[C@@H]2C1,,0.0
SPID162,O=C(Nc1c(Cl)cncc1Cl)C(=O)c1cn(Cc2ccc(F)cc2)c2ccc(O)cc12,,0.0
SPID43,O=C(Nc1cccc2c(=O)cc(-c3nn[nH]n3)oc12)c1ccc(OCCCCc2ccccc2)cc1,,0.0
SPID195,O=C(Nc1ccccc1Br)N[C@@H]1CCN(c2ccc(C(F)(F)F)cn2)C1,,1.0
SPID205,O=C(O)CCC/C=C\C[C@@H]1[C@@H](/C=C/[C@@H](O)COc2cccc(C(F)(F)F)c2)[C@H](O)C[C@@H]1O,,0.0
SPID682,O=C(O)CCCc1ccc(N(CCCl)CCCl)cc1,,0.0
SPID584,O=C(O)CCNC(=O)c1ccc(N=Nc2ccc(O)c(C(=O)O)c2)cc1,,0.0
SPID640,O=C(O)CCc1nc(-c2ccccc2)c(-c2ccccc2)o1,,0.0
SPID525,O=C(O)COC(=O)Cc1ccccc1Nc1c(Cl)cccc1Cl,,0.0
SPID609,O=C(O)COc1ccc(C(=O)c2cccs2)c(Cl)c1Cl,,0.0
SPID649,O=C(O)Cc1ccccc1Nc1c(Cl)cccc1Cl,,0.0
SPID154,O=C(O)c1[nH]c2cc(Cl)cc(Cl)c2c1/C=C1\CCN(c2ccccc2)C1=O,,0.0
SPID661,O=C(O)c1cc(-c2ccc(F)cc2F)ccc1O,,0.0
SPID463,O=C(O)c1cc(N=Nc2ccc(S(=O)(=O)Nc3ccccn3)cc2)ccc1O,,0.0
SPID565,O=C(O)c1ccc(-n2nc(-c3ccccc3O)nc2-c2ccccc2O)cc1,,1.0
SPID53,O=C(O)c1cccc(C2=C(c3cc(Cl)ccc3OCc3ccc(F)cc3F)CCC2)n1,,0.0
SPID718,O=C(O)c1cn(C2CC2)c2cc(N3CCNCC3)c(F)cc2c1=O,,0.0
SPID527,O=C(OC1CC2CC3C[C@H](C1)N2CC3=O)c1c[nH]c2ccccc12,,0.0
SPID519,O=C([O-])C1(C(=O)[O-])CCC1,,0.0
SPID492,O=C([O-])P(=O)([O-])[O-],,0.0
SPID62,O=C([O-])c1cccc(Cc2cc(Cl)ccc2OCc2ccc(Cl)cc2F)n1,,0.0
SPID491,O=C(c1ccccc1)c1ccc2n1CCC2C(=O)O,,0.0
SPID358,O=C1CC2(CCCC2)CC(=O)N1CCCCN1CCN(c2ncccn2)CC1,,0.0
SPID477,O=C1CCC(N2C(=O)c3ccccc3C2=O)C(=O)N1,,0.0
SPID683,O=C1CCc2cc(OCCCCc3nnnn3C3CCCCC3)ccc2N1,,0.0
SPID668,O=C1CCc2ccc(OCCCCN3CCN(c4cccc(Cl)c4Cl)CC3)cc2N1,,0.0
SPID269,O=C1CN(/N=C\c2ccc([N+](=O)[O-])o2)C(=O)N1,,0.0
SPID174,O=C1COC2(CCN(S(=O)(=O)c3ccc(-c4ccc5cccnc5c4)cc3)CC2)CN1C1CC1,,0.0
SPID588,O=C1Cc2cc(CCN3CCN(c4nsc5ccccc45)CC3)c(Cl)cc2N1,,0.0
SPID26,O=C1NC(=Nc2c(Cl)cccc2Cl)S/C1=C\c1ccc2nccnc2c1,,0.0
SPID29,O=C1NC(=O)/C(=C/c2ccc3nccc(-c4ccncc4)c3c2)S1,,1.0
SPID623,O=C1NC(=O)C(c2ccccc2)(c2ccccc2)N1,,0.0
SPID224,O=C1Nc2ccc(Cl)cc2C(C#CC2CC2)(C(F)(F)F)O1,,1.0
SPID566,O=C1OC2(c3ccc(O)cc3Oc3cc(O)ccc32)c2ccccc21,,0.0
SPID323,O=C1O[C@H]([C@@H](O)CO)C(O)=C1O,,0.0
SPID511,O=C1[C@H](CC[C@H](O)c2ccc(F)cc2)[C@@H](c2ccc(O)cc2)N1c1ccc(F)cc1,,0.0
SPID365,O=C1c2c(O)ccc(O)c2C(=O)c2c(NCCNCCO)ccc(NCCNCCO)c21,,0.0
SPID407,O=NN(CCCl)C(=O)NC1CCCCC1,,0.0
SPID454,O=NN(CCCl)C(=O)NCCCl,,0.0
SPID702,O=P(O)(O)C(O)(Cn1ccnc1)P(=O)(O)O,,0.0
SPID256,O=P1(N(CCCl)CCCl)NCCCO1,,0.0
SPID663,O=P1(NCCCl)OCCCN1CCCl,,0.0
SPID548,O=S(=O)([O-])CCS,,0.0
SPID438,O=c1[nH]c(=O)n(C2CCCO2)cc1F,,0.0
SPID437,O=c1[nH]c2cc(Cl)ccc2o1,,0.0
SPID595,O=c1[nH]cc(F)c(=O)[nH]1,,0.0
SPID658,O=c1[nH]cnc2c1ncn2[C@H]1CC[C@@H](CO)O1,,0.0
SPID152,O=c1c2ccccc2c(Cc2ccc(Cl)cc2)nn1C[C@H]1CCCN1CCCCc1ccc(OCCCN2CCCCCC2)cc1,,0.0
SPID103,O=c1ccc2c(-c3ccc(F)cc3F)nc(NC(CO)CO)nc2n1-c1c(F)cc(F)cc1F,,0.0
SPID63,O=c1ccc2ccc(F)c3c2n1C[C@H]3CN1CCC(NCc2cc3c(nn2)OCCO3)CC1,,0.0
SPID293,O=c1n(CCCN2CCN(c3cccc(Cl)c3)CC2)nc2ccccn12,,0.0
SPID473,OC(CCN1CCCC1)(c1ccccc1)C1CCCCC1,,1.0
SPID176,OCC(CO)n1cnc(-c2ccc(F)cc2)c1-c1ccnc(Oc2ccccc2)n1,,0.0
SPID372,OCCN(CCO)c1nc(N2CCCCC2)c2nc(N(CCO)CCO)nc(N3CCCCC3)c2n1,,1.0
SPID343,OCCN1CCN(CCCN2c3ccccc3Sc3ccc(C(F)(F)F)cc32)CC1,,0.0
SPID513,OCCN1CCN(CCCN2c3ccccc3Sc3ccc(Cl)cc32)CC1,,1.0
SPID472,OCCN1C[C@H](O)[C@@H](O)[C@H](O)[C@H]1CO,,0.0
SPID543,OCCOCCN1CCN(C2=Nc3ccccc3Sc3ccccc32)CC1,,0.0
SPID636,OC[C@H]1O[C@H](n2cnc3c2NC=NC[C@H]3O)C[C@@H]1O,,0.0
SPID573,O[C@@H](CNC[C@H](O)[C@H]1CCc2cc(F)ccc2O1)[C@@H]1CCc2cc(F)ccc2O1,,0.0
SPID311,Oc1ccc(C2CNCCc3c2cc(O)c(O)c3Cl)cc1,,0.0
SPID539,S=P(N1CC1)(N1CC1)N1CC1,,0.0
SPID593,c1cc(CN2CCCNCCNCCCNCC2)ccc1CN1CCCNCCNCCCNCC1,,0.0
SPID471,c1ccc2[nH]c(-c3cscn3)nc2c1,,0.0
SPID516,c1cnc2cc3c(cc2n1)[C@@H]1CNC[C@H]3C1,,0.0
