,spid,direction,hit,meas
0,10,down,0,NucArea
556,361,down,0,NucArea
558,362,down,0,NucArea
1086,62,down,0,NucArea
560,363,down,0,NucArea
562,364,down,0,NucArea
1084,619,down,1,NucArea
564,365,down,0,NucArea
566,366,down,3,NucArea
1082,618,down,2,NucArea
1088,620,down,0,NucArea
568,367,down,0,NucArea
1080,617,down,0,NucArea
572,369,down,0,NucArea
574,37,down,0,NucArea
1078,616,down,4,NucArea
576,370,down,0,NucArea
578,371,down,0,NucArea
1076,615,down,0,NucArea
580,372,down,2,NucArea
582,373,down,0,NucArea
570,368,down,0,NucArea
1074,614,down,0,NucArea
554,360,down,4,NucArea
1090,621,down,0,NucArea
524,347,down,0,NucArea
526,348,down,0,NucArea
1102,627,down,2,NucArea
528,349,down,4,NucArea
530,35,down,0,NucArea
1100,626,down,0,NucArea
532,350,down,0,NucArea
534,351,down,2,NucArea
1098,625,down,0,NucArea
552,36,down,0,NucArea
536,352,down,2,NucArea
1096,624,down,1,NucArea
540,354,down,0,NucArea
542,355,down,0,NucArea
1094,623,down,0,NucArea
544,356,down,0,NucArea
546,357,down,0,NucArea
1092,622,down,0,NucArea
548,358,down,0,NucArea
550,359,down,0,NucArea
538,353,down,0,NucArea
584,374,down,0,NucArea
586,375,down,0,NucArea
1072,613,down,0,NucArea
622,391,down,0,NucArea
1054,605,down,0,NucArea
624,392,down,1,NucArea
626,393,down,0,NucArea
1052,604,down,0,NucArea
628,394,down,0,NucArea
630,395,down,0,NucArea
1050,603,down,0,NucArea
632,396,down,0,NucArea
620,390,down,0,NucArea
634,397,down,4,NucArea
636,398,down,0,NucArea
638,399,down,0,NucArea
1046,601,down,0,NucArea
640,40,down,0,NucArea
642,403,down,0,NucArea
1044,600,down,0,NucArea
644,404,down,0,NucArea
646,405,down,0,NucArea
1042,60,down,0,NucArea
1048,602,down,3,NucArea
1056,606,down,0,NucArea
618,39,down,0,NucArea
616,389,down,0,NucArea
588,376,down,4,NucArea
590,377,down,0,NucArea
1070,612,down,3,NucArea
592,378,down,0,NucArea
594,379,down,0,NucArea
1068,611,down,0,NucArea
596,38,down,0,NucArea
598,380,down,0,NucArea
1066,610,down,0,NucArea
600,381,down,0,NucArea
602,382,down,4,NucArea
1064,61,down,0,NucArea
604,383,down,0,NucArea
606,384,down,0,NucArea
1062,609,down,0,NucArea
608,385,down,0,NucArea
610,386,down,0,NucArea
1060,608,down,0,NucArea
612,387,down,0,NucArea
614,388,down,0,NucArea
1058,607,down,0,NucArea
1104,628,down,0,NucArea
522,346,down,0,NucArea
520,345,down,0,NucArea
1106,629,down,0,NucArea
1152,65,down,0,NucArea
428,303,down,0,NucArea
430,304,down,0,NucArea
1150,649,down,0,NucArea
432,305,down,0,NucArea
434,306,down,0,NucArea
1148,648,down,0,NucArea
436,307,down,0,NucArea
438,308,down,0,NucArea
426,302,down,0,NucArea
1146,647,down,0,NucArea
442,31,down,0,NucArea
1144,646,down,0,NucArea
444,310,down,0,NucArea
446,311,down,1,NucArea
1142,645,down,0,NucArea
448,312,down,4,NucArea
450,313,down,0,NucArea
1140,644,down,0,NucArea
452,314,down,0,NucArea
440,309,down,2,NucArea
424,301,down,2,NucArea
1154,650,down,0,NucArea
422,300,down,0,NucArea
394,288,down,2,NucArea
1168,657,down,0,NucArea
396,289,down,0,NucArea
398,29,down,0,NucArea
1166,656,down,0,NucArea
400,290,down,0,NucArea
402,291,down,0,NucArea
1164,655,down,0,NucArea
404,292,down,0,NucArea
406,293,down,0,NucArea
1162,654,down,0,NucArea
408,294,down,0,NucArea
410,295,down,0,NucArea
1160,653,down,0,NucArea
412,296,down,4,NucArea
414,297,down,0,NucArea
1158,652,down,0,NucArea
416,298,down,0,NucArea
418,299,down,4,NucArea
1156,651,down,1,NucArea
420,30,down,0,NucArea
454,315,down,0,NucArea
648,406,down,0,NucArea
912,539,down,0,NucArea
458,317,down,0,NucArea
492,332,down,0,NucArea
494,333,down,3,NucArea
1118,634,down,2,NucArea
496,334,down,0,NucArea
498,335,down,2,NucArea
1116,633,down,3,NucArea
500,336,down,1,NucArea
502,337,down,0,NucArea
1114,632,down,0,NucArea
1120,635,down,0,NucArea
504,338,down,0,NucArea
1112,631,down,0,NucArea
508,34,down,0,NucArea
510,340,down,0,NucArea
1110,630,down,0,NucArea
512,341,down,0,NucArea
514,342,down,0,NucArea
1108,63,down,0,NucArea
516,343,down,1,NucArea
518,344,down,0,NucArea
506,339,down,1,NucArea
490,331,down,0,NucArea
488,330,down,0,NucArea
1122,636,down,0,NucArea
1136,642,down,0,NucArea
460,318,down,1,NucArea
462,319,down,4,NucArea
1134,641,down,4,NucArea
464,32,down,0,NucArea
466,320,down,2,NucArea
1132,640,down,0,NucArea
468,321,down,0,NucArea
470,322,down,0,NucArea
1130,64,down,0,NucArea
472,323,down,0,NucArea
474,324,down,0,NucArea
1128,639,down,2,NucArea
476,325,down,1,NucArea
478,326,down,1,NucArea
1126,638,down,0,NucArea
480,327,down,0,NucArea
482,328,down,1,NucArea
1124,637,down,0,NucArea
484,329,down,0,NucArea
486,33,down,0,NucArea
456,316,down,4,NucArea
650,407,down,0,NucArea
1040,598,down,0,NucArea
652,408,down,0,NucArea
958,56,down,0,NucArea
818,494,down,1,NucArea
820,495,down,0,NucArea
956,559,down,2,NucArea
822,496,down,2,NucArea
824,497,down,0,NucArea
954,558,down,0,NucArea
826,498,down,0,NucArea
828,499,down,0,NucArea
816,493,down,0,NucArea
952,557,down,0,NucArea
832,500,down,0,NucArea
950,556,down,3,NucArea
834,501,down,0,NucArea
836,502,down,2,NucArea
948,555,down,0,NucArea
838,503,down,0,NucArea
840,504,down,0,NucArea
946,554,down,0,NucArea
842,505,down,0,NucArea
830,50,down,0,NucArea
814,492,down,0,NucArea
960,560,down,0,NucArea
812,491,down,0,NucArea
784,479,down,0,NucArea
974,567,down,3,NucArea
786,48,down,0,NucArea
788,480,down,0,NucArea
972,566,down,0,NucArea
790,481,down,0,NucArea
792,482,down,0,NucArea
970,565,down,0,NucArea
794,483,down,0,NucArea
796,484,down,4,NucArea
968,564,down,0,NucArea
798,485,down,0,NucArea
800,486,down,3,NucArea
966,563,down,0,NucArea
802,487,down,2,NucArea
804,488,down,0,NucArea
964,562,down,0,NucArea
806,489,down,0,NucArea
808,49,down,0,NucArea
962,561,down,0,NucArea
810,490,down,0,NucArea
844,506,down,0,NucArea
782,478,down,3,NucArea
944,553,down,0,NucArea
848,508,down,0,NucArea
882,524,down,0,NucArea
884,525,down,0,NucArea
924,544,down,4,NucArea
886,526,down,0,NucArea
888,527,down,1,NucArea
922,543,down,0,NucArea
890,528,down,0,NucArea
892,529,down,0,NucArea
920,542,down,0,NucArea
926,545,down,0,NucArea
894,53,down,0,NucArea
918,541,down,0,NucArea
898,531,down,4,NucArea
900,532,down,0,NucArea
916,540,down,2,NucArea
902,533,down,0,NucArea
904,535,down,0,NucArea
914,54,down,0,NucArea
906,536,down,0,NucArea
908,537,down,0,NucArea
896,530,down,0,NucArea
880,523,down,0,NucArea
878,522,down,0,NucArea
928,546,down,0,NucArea
942,552,down,0,NucArea
850,509,down,0,NucArea
852,51,down,0,NucArea
940,551,down,0,NucArea
854,510,down,0,NucArea
856,511,down,0,NucArea
938,550,down,0,NucArea
858,512,down,0,NucArea
860,513,down,3,NucArea
936,55,down,0,NucArea
862,514,down,0,NucArea
864,515,down,0,NucArea
934,549,down,0,NucArea
866,516,down,0,NucArea
868,518,down,1,NucArea
932,548,down,0,NucArea
870,519,down,0,NucArea
872,52,down,0,NucArea
930,547,down,1,NucArea
874,520,down,0,NucArea
876,521,down,0,NucArea
846,507,down,2,NucArea
392,287,down,0,NucArea
976,568,down,1,NucArea
778,476,down,0,NucArea
686,424,down,0,NucArea
688,425,down,0,NucArea
1022,59,down,0,NucArea
690,426,down,0,NucArea
692,427,down,2,NucArea
1020,589,down,0,NucArea
694,428,down,0,NucArea
696,429,down,0,NucArea
1018,588,down,2,NucArea
1024,590,down,0,NucArea
698,43,down,0,NucArea
1016,587,down,0,NucArea
702,431,down,0,NucArea
704,432,down,0,NucArea
1014,585,down,1,NucArea
706,433,down,0,NucArea
708,434,down,0,NucArea
1012,584,down,0,NucArea
710,435,down,1,NucArea
712,436,down,0,NucArea
700,430,down,0,NucArea
684,423,down,0,NucArea
1366,99,down,0,NucArea
682,422,down,0,NucArea
654,409,down,0,NucArea
1038,597,down,3,NucArea
656,41,down,0,NucArea
658,411,down,0,NucArea
1036,596,down,0,NucArea
660,412,down,0,NucArea
662,413,down,0,NucArea
1034,595,down,0,NucArea
664,414,down,0,NucArea
666,415,down,0,NucArea
1032,594,down,1,NucArea
668,416,down,0,NucArea
670,417,down,0,NucArea
1030,593,down,0,NucArea
672,418,down,0,NucArea
674,419,down,1,NucArea
1028,592,down,0,NucArea
676,42,down,4,NucArea
678,420,down,0,NucArea
1026,591,down,2,NucArea
680,421,down,0,NucArea
1010,583,down,0,NucArea
780,477,down,0,NucArea
714,437,down,0,NucArea
1008,582,down,0,NucArea
752,464,down,0,NucArea
990,574,down,0,NucArea
754,465,down,0,NucArea
756,466,down,0,NucArea
988,573,down,4,NucArea
758,467,down,0,NucArea
760,468,down,0,NucArea
986,572,down,3,NucArea
762,469,down,0,NucArea
750,463,down,0,NucArea
764,47,down,1,NucArea
766,470,down,3,NucArea
768,471,down,0,NucArea
982,570,down,0,NucArea
770,472,down,0,NucArea
772,473,down,1,NucArea
980,57,down,0,NucArea
774,474,down,0,NucArea
776,475,down,0,NucArea
978,569,down,0,NucArea
984,571,down,0,NucArea
992,575,down,0,NucArea
748,462,down,4,NucArea
746,461,down,0,NucArea
718,439,down,0,NucArea
720,44,down,0,NucArea
1006,581,down,0,NucArea
722,440,down,0,NucArea
724,443,down,0,NucArea
1004,580,down,3,NucArea
726,45,down,4,NucArea
728,451,down,0,NucArea
1002,58,down,0,NucArea
730,452,down,2,NucArea
732,453,down,0,NucArea
1000,579,down,0,NucArea
734,454,down,0,NucArea
736,455,down,0,NucArea
998,578,down,3,NucArea
738,456,down,0,NucArea
740,457,down,0,NucArea
996,577,down,0,NucArea
742,459,down,0,NucArea
744,46,down,0,NucArea
994,576,down,0,NucArea
716,438,down,0,NucArea
1170,658,down,0,NucArea
1138,643,down,0,NucArea
1268,702,down,0,NucArea
1286,710,down,0,NucArea
160,172,down,0,NucArea
162,173,down,0,NucArea
1284,71,down,0,NucArea
164,174,down,0,NucArea
166,175,down,2,NucArea
1282,709,down,0,NucArea
168,176,down,0,NucArea
170,177,down,0,NucArea
1280,708,down,0,NucArea
172,178,down,0,NucArea
174,179,down,4,NucArea
1278,707,down,0,NucArea
176,18,down,0,NucArea
178,180,down,0,NucArea
1276,706,down,0,NucArea
180,181,down,0,NucArea
182,182,down,0,NucArea
1274,705,down,0,NucArea
158,171,down,0,NucArea
156,170,down,0,NucArea
1288,713,down,0,NucArea
154,17,down,0,NucArea
1302,72,down,0,NucArea
128,158,down,0,NucArea
130,159,down,0,NucArea
1300,719,down,0,NucArea
132,16,down,0,NucArea
134,160,down,0,NucArea
1298,718,down,0,NucArea
136,161,down,0,NucArea
138,162,down,0,NucArea
184,183,down,4,NucArea
1296,717,down,0,NucArea
142,164,down,0,NucArea
1294,716,down,0,NucArea
144,165,down,2,NucArea
146,166,down,0,NucArea
1292,715,down,0,NucArea
148,167,down,0,NucArea
150,168,down,3,NucArea
1290,714,down,0,NucArea
152,169,down,0,NucArea
140,163,down,4,NucArea
126,157,down,0,NucArea
186,184,down,0,NucArea
188,185,down,0,NucArea
222,200,down,0,NucArea
1254,697,down,0,NucArea
224,201,down,0,NucArea
226,202,down,0,NucArea
1252,695,down,0,NucArea
228,203,down,0,NucArea
230,204,down,0,NucArea
1250,694,down,0,NucArea
232,205,down,0,NucArea
234,21,down,0,NucArea
1248,693,down,2,NucArea
236,216,down,2,NucArea
238,217,down,0,NucArea
1246,692,down,0,NucArea
240,218,down,1,NucArea
242,219,down,0,NucArea
1244,691,down,0,NucArea
244,22,down,0,NucArea
246,220,down,1,NucArea
220,20,down,0,NucArea
1256,698,down,0,NucArea
218,199,down,0,NucArea
216,198,down,0,NucArea
190,186,down,0,NucArea
1270,703,down,0,NucArea
192,187,down,0,NucArea
194,188,down,0,NucArea
390,286,down,0,NucArea
196,189,down,2,NucArea
198,19,down,0,NucArea
1266,701,down,0,NucArea
200,190,down,0,NucArea
1272,704,down,0,NucArea
202,191,down,0,NucArea
204,192,down,0,NucArea
206,193,down,0,NucArea
1262,70,down,0,NucArea
208,194,down,0,NucArea
210,195,down,0,NucArea
1260,7,down,0,NucArea
212,196,down,1,NucArea
214,197,down,0,NucArea
1258,699,down,0,NucArea
1264,700,down,0,NucArea
1242,690,down,0,NucArea
124,156,down,0,NucArea
122,155,down,0,NucArea
34,115,down,0,NucArea
1348,90,down,0,NucArea
36,116,down,0,NucArea
38,117,down,0,NucArea
1346,9,down,4,NucArea
40,118,down,0,NucArea
42,119,down,0,NucArea
1344,89,down,0,NucArea
44,12,down,0,NucArea
46,120,down,0,NucArea
1342,88,down,0,NucArea
48,121,down,0,NucArea
50,122,down,0,NucArea
1340,87,down,0,NucArea
52,123,down,0,NucArea
54,124,down,0,NucArea
1338,86,down,0,NucArea
56,125,down,0,NucArea
58,126,down,0,NucArea
32,114,down,0,NucArea
1350,91,down,0,NucArea
30,113,down,0,NucArea
28,112,down,0,NucArea
2,100,down,0,NucArea
1364,98,down,4,NucArea
4,101,down,0,NucArea
6,102,down,0,NucArea
1362,97,down,0,NucArea
8,103,down,0,NucArea
10,104,down,0,NucArea
1360,96,down,0,NucArea
12,105,down,2,NucArea
1336,85,down,0,NucArea
14,106,down,0,NucArea
16,107,down,0,NucArea
18,108,down,0,NucArea
1356,94,down,0,NucArea
20,109,down,0,NucArea
22,11,down,0,NucArea
1354,93,down,0,NucArea
24,110,down,0,NucArea
26,111,down,0,NucArea
1352,92,down,0,NucArea
1358,95,down,0,NucArea
1304,720,down,0,NucArea
60,127,down,0,NucArea
1334,84,down,0,NucArea
96,143,down,4,NucArea
98,144,down,0,NucArea
1316,76,down,2,NucArea
100,145,down,0,NucArea
102,146,down,3,NucArea
1314,75,down,0,NucArea
104,147,down,0,NucArea
106,148,down,0,NucArea
1312,74,down,0,NucArea
108,149,down,0,NucArea
110,15,down,1,NucArea
1310,73,down,0,NucArea
112,150,down,0,NucArea
114,151,down,0,NucArea
1308,722,down,0,NucArea
116,152,down,2,NucArea
118,153,down,0,NucArea
1306,721,down,0,NucArea
120,154,down,0,NucArea
1318,77,down,0,NucArea
94,142,down,0,NucArea
92,141,down,0,NucArea
1320,78,down,0,NucArea
64,129,down,0,NucArea
66,13,down,0,NucArea
1332,83,down,4,NucArea
68,130,down,0,NucArea
70,131,down,0,NucArea
1330,82,down,0,NucArea
72,132,down,0,NucArea
74,133,down,0,NucArea
1328,81,down,0,NucArea
62,128,down,0,NucArea
76,134,down,0,NucArea
1326,80,down,0,NucArea
80,136,down,0,NucArea
82,137,down,0,NucArea
1324,8,down,0,NucArea
84,138,down,0,NucArea
86,139,down,0,NucArea
1322,79,down,0,NucArea
88,14,down,0,NucArea
90,140,down,0,NucArea
78,135,down,0,NucArea
248,221,down,0,NucArea
910,538,down,0,NucArea
1206,674,down,0,NucArea
304,247,down,1,NucArea
1214,678,down,0,NucArea
354,27,down,0,NucArea
302,246,down,0,NucArea
1188,666,down,3,NucArea
300,245,down,1,NucArea
1216,679,down,0,NucArea
356,270,down,4,NucArea
298,244,down,0,NucArea
296,243,down,0,NucArea
358,271,down,0,NucArea
1218,68,down,1,NucArea
1186,665,down,0,NucArea
294,242,down,0,NucArea
352,269,down,0,NucArea
360,272,down,0,NucArea
332,26,down,0,NucArea
290,240,down,0,NucArea
362,273,down,0,NucArea
1184,664,down,0,NucArea
288,24,down,0,NucArea
1222,681,down,0,NucArea
286,239,down,2,NucArea
364,274,down,0,NucArea
366,275,down,0,NucArea
284,238,down,0,NucArea
1224,682,down,0,NucArea
1182,663,down,0,NucArea
282,237,down,4,NucArea
368,276,down,4,NucArea
292,241,down,0,NucArea
280,236,down,0,NucArea
306,248,down,1,NucArea
1212,677,down,0,NucArea
1200,671,down,0,NucArea
334,260,down,0,NucArea
330,259,down,1,NucArea
1198,670,down,0,NucArea
328,258,down,0,NucArea
336,261,down,0,NucArea
1202,672,down,0,NucArea
326,257,down,2,NucArea
338,262,down,0,NucArea
1196,67,down,3,NucArea
324,256,down,0,NucArea
1204,673,down,0,NucArea
322,255,down,0,NucArea
340,263,down,0,NucArea
1190,667,down,0,NucArea
320,254,down,0,NucArea
318,253,down,4,NucArea
1194,669,down,0,NucArea
344,265,down,4,NucArea
316,252,down,4,NucArea
1208,675,down,0,NucArea
314,251,down,0,NucArea
346,266,down,0,NucArea
1192,668,down,0,NucArea
348,267,down,0,NucArea
312,250,down,0,NucArea
1210,676,down,0,NucArea
310,25,down,0,NucArea
308,249,down,0,NucArea
350,268,down,0,NucArea
342,264,down,1,NucArea
1226,683,down,0,NucArea
1220,680,down,0,NucArea
270,231,down,1,NucArea
374,279,down,0,NucArea
272,232,down,2,NucArea
254,224,down,3,NucArea
1178,661,down,0,NucArea
1230,685,down,0,NucArea
1238,689,down,0,NucArea
1176,660,down,0,NucArea
1236,688,down,0,NucArea
386,284,down,1,NucArea
258,226,down,1,NucArea
376,28,down,0,NucArea
266,23,down,0,NucArea
268,230,down,1,NucArea
1232,686,down,1,NucArea
256,225,down,2,NucArea
378,280,down,0,NucArea
384,283,down,0,NucArea
278,235,down,0,NucArea
1174,66,down,0,NucArea
260,227,down,2,NucArea
370,277,down,0,NucArea
250,222,down,2,NucArea
262,228,down,1,NucArea
1240,69,down,0,NucArea
1180,662,down,0,NucArea
382,282,down,0,NucArea
1172,659,down,0,NucArea
380,281,down,0,NucArea
252,223,down,2,NucArea
372,278,down,0,NucArea
276,234,down,2,NucArea
1228,684,down,0,NucArea
388,285,down,0,NucArea
274,233,down,0,NucArea
1234,687,down,0,NucArea
264,229,down,1,NucArea
919,541,up,0,NucArea
1193,668,up,0,NucArea
965,562,up,0,NucArea
1327,80,up,0,NucArea
1359,95,up,0,NucArea
1325,8,up,0,NucArea
921,542,up,0,NucArea
963,561,up,0,NucArea
1141,644,up,0,NucArea
1361,96,up,0,NucArea
935,549,up,0,NucArea
967,563,up,0,NucArea
1133,640,up,0,NucArea
1365,98,up,0,NucArea
977,568,up,0,NucArea
1317,76,up,0,NucArea
913,539,up,0,NucArea
975,567,up,0,NucArea
1135,641,up,0,NucArea
1169,657,up,0,NucArea
1319,77,up,0,NucArea
1197,67,up,0,NucArea
973,566,up,0,NucArea
915,54,up,0,NucArea
1363,97,up,0,NucArea
1321,78,up,0,NucArea
971,565,up,2,NucArea
1137,642,up,0,NucArea
1173,659,up,0,NucArea
961,560,up,0,NucArea
1195,669,up,0,NucArea
969,564,up,0,NucArea
917,540,up,0,NucArea
1323,79,up,0,NucArea
1139,643,up,0,NucArea
1167,656,up,0,NucArea
1165,655,up,0,NucArea
1145,646,up,0,NucArea
1143,645,up,0,NucArea
929,546,up,0,NucArea
1151,649,up,0,NucArea
1185,664,up,0,NucArea
945,553,up,1,NucArea
1341,87,up,0,NucArea
943,552,up,0,NucArea
1179,661,up,0,NucArea
1153,65,up,0,NucArea
1343,88,up,0,NucArea
931,547,up,0,NucArea
1351,91,up,0,NucArea
1159,652,up,0,NucArea
941,551,up,0,NucArea
1183,663,up,0,NucArea
1345,89,up,0,NucArea
939,550,up,0,NucArea
1155,650,up,0,NucArea
933,548,up,0,NucArea
937,55,up,0,NucArea
1347,9,up,0,NucArea
1349,90,up,0,NucArea
1181,662,up,0,NucArea
1157,651,up,0,NucArea
1353,92,up,0,NucArea
1329,81,up,2,NucArea
947,554,up,0,NucArea
1161,653,up,0,NucArea
1191,667,up,1,NucArea
959,56,up,0,NucArea
1175,66,up,0,NucArea
1331,82,up,0,NucArea
957,559,up,0,NucArea
923,543,up,0,NucArea
1357,94,up,0,NucArea
1333,83,up,0,NucArea
955,558,up,1,NucArea
1189,666,up,0,NucArea
1163,654,up,0,NucArea
925,544,up,0,NucArea
1147,647,up,0,NucArea
953,557,up,0,NucArea
1335,84,up,0,NucArea
1355,93,up,0,NucArea
951,556,up,0,NucArea
1177,660,up,2,NucArea
1187,665,up,0,NucArea
1337,85,up,0,NucArea
1149,648,up,0,NucArea
949,555,up,0,NucArea
927,545,up,0,NucArea
1339,86,up,0,NucArea
1199,670,up,0,NucArea
1077,615,up,2,NucArea
1315,75,up,0,NucArea
1261,7,up,0,NucArea
1049,602,up,0,NucArea
1229,684,up,0,NucArea
1093,622,up,0,NucArea
1263,70,up,0,NucArea
1047,601,up,0,NucArea
1045,600,up,0,NucArea
1265,700,up,0,NucArea
1095,623,up,0,NucArea
1227,683,up,0,NucArea
1043,60,up,0,NucArea
1267,701,up,0,NucArea
1041,598,up,0,NucArea
1097,624,up,0,NucArea
1051,603,up,0,NucArea
1269,702,up,0,NucArea
1225,682,up,2,NucArea
1099,625,up,0,NucArea
1037,596,up,0,NucArea
1271,703,up,0,NucArea
1035,595,up,1,NucArea
1223,681,up,2,NucArea
1273,704,up,0,NucArea
1101,626,up,0,NucArea
1033,594,up,0,NucArea
1275,705,up,0,NucArea
1031,593,up,0,NucArea
1103,627,up,0,NucArea
1221,680,up,0,NucArea
1029,592,up,0,NucArea
1039,597,up,0,NucArea
1277,706,up,0,NucArea
1091,621,up,0,NucArea
1053,604,up,0,NucArea
1075,614,up,0,NucArea
1243,690,up,0,NucArea
1073,613,up,0,NucArea
1079,616,up,0,NucArea
1239,689,up,0,NucArea
1245,691,up,0,NucArea
1071,612,up,0,NucArea
1081,617,up,0,NucArea
1069,611,up,0,NucArea
1247,692,up,0,NucArea
1237,688,up,0,NucArea
1067,610,up,0,NucArea
1249,693,up,0,NucArea
1083,618,up,0,NucArea
1259,699,up,0,NucArea
1065,61,up,0,NucArea
1063,609,up,0,NucArea
1235,687,up,0,NucArea
1085,619,up,0,NucArea
1061,608,up,0,NucArea
1253,695,up,0,NucArea
1059,607,up,0,NucArea
1087,62,up,0,NucArea
1255,697,up,0,NucArea
1233,686,up,0,NucArea
1057,606,up,0,NucArea
1257,698,up,0,NucArea
1055,605,up,0,NucArea
1089,620,up,0,NucArea
1231,685,up,0,NucArea
1251,694,up,0,NucArea
979,569,up,0,NucArea
1027,591,up,0,NucArea
1279,707,up,0,NucArea
1001,579,up,0,NucArea
1299,718,up,0,NucArea
1121,635,up,0,NucArea
999,578,up,0,NucArea
1301,719,up,0,NucArea
1207,674,up,0,NucArea
997,577,up,0,NucArea
1123,636,up,0,NucArea
1303,72,up,0,NucArea
995,576,up,0,NucArea
1241,69,up,0,NucArea
1205,673,up,0,NucArea
993,575,up,0,NucArea
1305,720,up,0,NucArea
1209,675,up,0,NucArea
1125,637,up,0,NucArea
1307,721,up,2,NucArea
989,573,up,0,NucArea
1127,638,up,0,NucArea
1203,672,up,0,NucArea
1309,722,up,0,NucArea
987,572,up,0,NucArea
1129,639,up,0,NucArea
985,571,up,0,NucArea
1311,73,up,0,NucArea
1201,671,up,0,NucArea
983,570,up,0,NucArea
1313,74,up,0,NucArea
1131,64,up,0,NucArea
981,57,up,0,NucArea
991,574,up,0,NucArea
1105,628,up,0,NucArea
1119,634,up,0,NucArea
1297,717,up,0,NucArea
1025,590,up,0,NucArea
1219,68,up,0,NucArea
1281,708,up,2,NucArea
1107,629,up,0,NucArea
1023,59,up,0,NucArea
1283,709,up,0,NucArea
1217,679,up,0,NucArea
1021,589,up,0,NucArea
1109,63,up,0,NucArea
1285,71,up,0,NucArea
1019,588,up,0,NucArea
1111,630,up,0,NucArea
1017,587,up,0,NucArea
1287,710,up,0,NucArea
1003,58,up,0,NucArea
1215,678,up,0,NucArea
1289,713,up,0,NucArea
1113,631,up,0,NucArea
1013,584,up,0,NucArea
1213,677,up,0,NucArea
1291,714,up,0,NucArea
1011,583,up,0,NucArea
1115,632,up,0,NucArea
1009,582,up,0,NucArea
1293,715,up,0,NucArea
1211,676,up,0,NucArea
1007,581,up,0,NucArea
1117,633,up,0,NucArea
1295,716,up,0,NucArea
1005,580,up,0,NucArea
1015,585,up,0,NucArea
1171,658,up,0,NucArea
683,422,up,0,NucArea
909,537,up,0,NucArea
287,239,up,0,NucArea
289,24,up,0,NucArea
291,240,up,0,NucArea
293,241,up,0,NucArea
295,242,up,0,NucArea
297,243,up,0,NucArea
299,244,up,0,NucArea
301,245,up,0,NucArea
303,246,up,0,NucArea
305,247,up,0,NucArea
307,248,up,0,NucArea
285,238,up,0,NucArea
309,249,up,0,NucArea
313,250,up,0,NucArea
315,251,up,0,NucArea
317,252,up,0,NucArea
319,253,up,0,NucArea
321,254,up,0,NucArea
323,255,up,0,NucArea
325,256,up,0,NucArea
327,257,up,0,NucArea
329,258,up,0,NucArea
331,259,up,0,NucArea
333,26,up,1,NucArea
311,25,up,0,NucArea
283,237,up,0,NucArea
281,236,up,0,NucArea
279,235,up,0,NucArea
229,203,up,0,NucArea
231,204,up,0,NucArea
233,205,up,0,NucArea
235,21,up,0,NucArea
237,216,up,0,NucArea
239,217,up,0,NucArea
241,218,up,0,NucArea
243,219,up,0,NucArea
245,22,up,0,NucArea
247,220,up,0,NucArea
249,221,up,0,NucArea
251,222,up,0,NucArea
253,223,up,0,NucArea
255,224,up,0,NucArea
257,225,up,0,NucArea
259,226,up,0,NucArea
261,227,up,0,NucArea
263,228,up,0,NucArea
265,229,up,0,NucArea
267,23,up,0,NucArea
269,230,up,0,NucArea
271,231,up,0,NucArea
273,232,up,0,NucArea
275,233,up,0,NucArea
277,234,up,0,NucArea
335,260,up,0,NucArea
227,202,up,0,NucArea
337,261,up,0,NucArea
341,263,up,0,NucArea
401,290,up,0,NucArea
403,291,up,0,NucArea
405,292,up,0,NucArea
407,293,up,0,NucArea
409,294,up,0,NucArea
411,295,up,0,NucArea
413,296,up,0,NucArea
415,297,up,0,NucArea
417,298,up,0,NucArea
419,299,up,0,NucArea
421,30,up,0,NucArea
399,29,up,0,NucArea
423,300,up,0,NucArea
427,302,up,0,NucArea
429,303,up,0,NucArea
431,304,up,0,NucArea
433,305,up,0,NucArea
435,306,up,0,NucArea
437,307,up,0,NucArea
439,308,up,0,NucArea
441,309,up,0,NucArea
443,31,up,0,NucArea
445,310,up,0,NucArea
447,311,up,0,NucArea
425,301,up,0,NucArea
397,289,up,0,NucArea
395,288,up,0,NucArea
393,287,up,0,NucArea
343,264,up,0,NucArea
345,265,up,0,NucArea
347,266,up,0,NucArea
349,267,up,0,NucArea
351,268,up,0,NucArea
353,269,up,0,NucArea
355,27,up,0,NucArea
357,270,up,0,NucArea
359,271,up,0,NucArea
361,272,up,0,NucArea
363,273,up,0,NucArea
365,274,up,0,NucArea
367,275,up,0,NucArea
369,276,up,0,NucArea
371,277,up,0,NucArea
373,278,up,0,NucArea
375,279,up,0,NucArea
377,28,up,0,NucArea
379,280,up,0,NucArea
381,281,up,0,NucArea
383,282,up,0,NucArea
385,283,up,0,NucArea
387,284,up,0,NucArea
389,285,up,0,NucArea
391,286,up,0,NucArea
339,262,up,0,NucArea
449,312,up,0,NucArea
225,201,up,0,NucArea
221,20,up,0,NucArea
59,126,up,0,NucArea
61,127,up,0,NucArea
63,128,up,0,NucArea
65,129,up,0,NucArea
67,13,up,0,NucArea
69,130,up,0,NucArea
71,131,up,0,NucArea
73,132,up,0,NucArea
75,133,up,0,NucArea
77,134,up,0,NucArea
79,135,up,0,NucArea
57,125,up,0,NucArea
81,136,up,0,NucArea
85,138,up,0,NucArea
87,139,up,0,NucArea
89,14,up,0,NucArea
91,140,up,0,NucArea
93,141,up,0,NucArea
95,142,up,0,NucArea
97,143,up,0,NucArea
99,144,up,0,NucArea
101,145,up,0,NucArea
103,146,up,0,NucArea
105,147,up,0,NucArea
83,137,up,0,NucArea
55,124,up,0,NucArea
53,123,up,0,NucArea
51,122,up,0,NucArea
1,10,up,0,NucArea
3,100,up,0,NucArea
5,101,up,0,NucArea
7,102,up,0,NucArea
9,103,up,0,NucArea
11,104,up,2,NucArea
13,105,up,0,NucArea
15,106,up,0,NucArea
17,107,up,0,NucArea
19,108,up,0,NucArea
21,109,up,0,NucArea
23,11,up,0,NucArea
25,110,up,0,NucArea
27,111,up,0,NucArea
29,112,up,0,NucArea
31,113,up,0,NucArea
33,114,up,0,NucArea
35,115,up,0,NucArea
37,116,up,0,NucArea
39,117,up,0,NucArea
41,118,up,0,NucArea
43,119,up,0,NucArea
45,12,up,0,NucArea
47,120,up,0,NucArea
49,121,up,0,NucArea
107,148,up,0,NucArea
223,200,up,0,NucArea
109,149,up,0,NucArea
113,150,up,0,NucArea
173,178,up,0,NucArea
175,179,up,0,NucArea
177,18,up,0,NucArea
179,180,up,0,NucArea
181,181,up,0,NucArea
183,182,up,0,NucArea
185,183,up,0,NucArea
187,184,up,0,NucArea
189,185,up,0,NucArea
191,186,up,0,NucArea
193,187,up,0,NucArea
171,177,up,0,NucArea
195,188,up,0,NucArea
199,19,up,0,NucArea
201,190,up,0,NucArea
203,191,up,0,NucArea
205,192,up,0,NucArea
207,193,up,0,NucArea
209,194,up,0,NucArea
211,195,up,0,NucArea
213,196,up,0,NucArea
215,197,up,0,NucArea
217,198,up,0,NucArea
219,199,up,0,NucArea
197,189,up,0,NucArea
169,176,up,0,NucArea
167,175,up,0,NucArea
165,174,up,0,NucArea
115,151,up,0,NucArea
117,152,up,0,NucArea
119,153,up,0,NucArea
121,154,up,0,NucArea
123,155,up,0,NucArea
125,156,up,0,NucArea
127,157,up,0,NucArea
129,158,up,0,NucArea
131,159,up,0,NucArea
133,16,up,0,NucArea
135,160,up,0,NucArea
137,161,up,0,NucArea
139,162,up,0,NucArea
141,163,up,0,NucArea
143,164,up,0,NucArea
145,165,up,0,NucArea
147,166,up,0,NucArea
149,167,up,0,NucArea
151,168,up,0,NucArea
153,169,up,0,NucArea
155,17,up,0,NucArea
157,170,up,0,NucArea
159,171,up,0,NucArea
161,172,up,0,NucArea
163,173,up,0,NucArea
111,15,up,0,NucArea
451,313,up,0,NucArea
453,314,up,0,NucArea
455,315,up,0,NucArea
747,461,up,0,NucArea
749,462,up,0,NucArea
751,463,up,0,NucArea
753,464,up,0,NucArea
755,465,up,0,NucArea
757,466,up,0,NucArea
759,467,up,0,NucArea
761,468,up,0,NucArea
763,469,up,0,NucArea
765,47,up,0,NucArea
767,470,up,0,NucArea
745,46,up,0,NucArea
769,471,up,0,NucArea
773,473,up,0,NucArea
775,474,up,0,NucArea
777,475,up,0,NucArea
779,476,up,0,NucArea
781,477,up,0,NucArea
783,478,up,0,NucArea
785,479,up,0,NucArea
787,48,up,0,NucArea
789,480,up,0,NucArea
791,481,up,0,NucArea
793,482,up,0,NucArea
771,472,up,0,NucArea
743,459,up,0,NucArea
741,457,up,0,NucArea
739,456,up,0,NucArea
689,425,up,0,NucArea
691,426,up,0,NucArea
693,427,up,0,NucArea
695,428,up,0,NucArea
697,429,up,0,NucArea
699,43,up,0,NucArea
701,430,up,0,NucArea
703,431,up,0,NucArea
705,432,up,0,NucArea
707,433,up,0,NucArea
709,434,up,0,NucArea
711,435,up,0,NucArea
713,436,up,0,NucArea
715,437,up,0,NucArea
717,438,up,0,NucArea
719,439,up,0,NucArea
721,44,up,0,NucArea
723,440,up,0,NucArea
725,443,up,0,NucArea
727,45,up,0,NucArea
729,451,up,0,NucArea
731,452,up,0,NucArea
733,453,up,0,NucArea
735,454,up,0,NucArea
737,455,up,0,NucArea
795,483,up,0,NucArea
687,424,up,0,NucArea
797,484,up,0,NucArea
801,486,up,0,NucArea
861,513,up,0,NucArea
863,514,up,0,NucArea
865,515,up,0,NucArea
867,516,up,0,NucArea
869,518,up,0,NucArea
871,519,up,0,NucArea
873,52,up,0,NucArea
875,520,up,0,NucArea
877,521,up,0,NucArea
879,522,up,0,NucArea
881,523,up,0,NucArea
859,512,up,0,NucArea
883,524,up,0,NucArea
887,526,up,0,NucArea
889,527,up,0,NucArea
891,528,up,0,NucArea
893,529,up,0,NucArea
895,53,up,0,NucArea
897,530,up,0,NucArea
899,531,up,0,NucArea
901,532,up,0,NucArea
903,533,up,0,NucArea
905,535,up,0,NucArea
907,536,up,0,NucArea
885,525,up,0,NucArea
857,511,up,0,NucArea
855,510,up,0,NucArea
853,51,up,0,NucArea
803,487,up,0,NucArea
805,488,up,0,NucArea
807,489,up,0,NucArea
809,49,up,0,NucArea
811,490,up,0,NucArea
813,491,up,0,NucArea
815,492,up,0,NucArea
817,493,up,0,NucArea
819,494,up,0,NucArea
821,495,up,0,NucArea
823,496,up,0,NucArea
825,497,up,0,NucArea
827,498,up,0,NucArea
829,499,up,0,NucArea
831,50,up,0,NucArea
833,500,up,0,NucArea
835,501,up,0,NucArea
837,502,up,0,NucArea
839,503,up,0,NucArea
841,504,up,0,NucArea
843,505,up,0,NucArea
845,506,up,0,NucArea
847,507,up,0,NucArea
849,508,up,0,NucArea
851,509,up,0,NucArea
799,485,up,0,NucArea
685,423,up,0,NucArea
681,421,up,0,NucArea
679,420,up,0,NucArea
515,342,up,0,NucArea
517,343,up,0,NucArea
519,344,up,0,NucArea
521,345,up,0,NucArea
523,346,up,0,NucArea
525,347,up,0,NucArea
527,348,up,0,NucArea
529,349,up,0,NucArea
531,35,up,0,NucArea
533,350,up,0,NucArea
535,351,up,0,NucArea
513,341,up,0,NucArea
537,352,up,0,NucArea
541,354,up,0,NucArea
543,355,up,0,NucArea
545,356,up,0,NucArea
547,357,up,0,NucArea
549,358,up,0,NucArea
551,359,up,0,NucArea
553,36,up,2,NucArea
555,360,up,0,NucArea
557,361,up,0,NucArea
559,362,up,0,NucArea
561,363,up,0,NucArea
539,353,up,0,NucArea
511,340,up,0,NucArea
509,34,up,0,NucArea
507,339,up,0,NucArea
457,316,up,0,NucArea
459,317,up,0,NucArea
461,318,up,0,NucArea
463,319,up,0,NucArea
465,32,up,0,NucArea
467,320,up,0,NucArea
469,321,up,0,NucArea
471,322,up,0,NucArea
473,323,up,0,NucArea
475,324,up,0,NucArea
477,325,up,0,NucArea
479,326,up,0,NucArea
481,327,up,0,NucArea
483,328,up,0,NucArea
485,329,up,0,NucArea
487,33,up,0,NucArea
489,330,up,0,NucArea
491,331,up,0,NucArea
493,332,up,0,NucArea
495,333,up,0,NucArea
497,334,up,0,NucArea
499,335,up,0,NucArea
501,336,up,0,NucArea
503,337,up,0,NucArea
505,338,up,0,NucArea
563,364,up,0,NucArea
565,365,up,0,NucArea
567,366,up,0,NucArea
569,367,up,0,NucArea
629,394,up,0,NucArea
631,395,up,0,NucArea
633,396,up,0,NucArea
635,397,up,0,NucArea
637,398,up,0,NucArea
639,399,up,0,NucArea
641,40,up,0,NucArea
643,403,up,0,NucArea
645,404,up,0,NucArea
647,405,up,0,NucArea
649,406,up,0,NucArea
651,407,up,0,NucArea
653,408,up,0,NucArea
655,409,up,0,NucArea
657,41,up,0,NucArea
659,411,up,0,NucArea
661,412,up,0,NucArea
663,413,up,0,NucArea
665,414,up,0,NucArea
667,415,up,0,NucArea
669,416,up,0,NucArea
671,417,up,0,NucArea
673,418,up,0,NucArea
675,419,up,0,NucArea
677,42,up,0,NucArea
627,393,up,0,NucArea
911,538,up,0,NucArea
625,392,up,0,NucArea
621,390,up,0,NucArea
571,368,up,0,NucArea
573,369,up,0,NucArea
575,37,up,0,NucArea
577,370,up,0,NucArea
579,371,up,0,NucArea
581,372,up,0,NucArea
583,373,up,0,NucArea
585,374,up,0,NucArea
587,375,up,0,NucArea
589,376,up,0,NucArea
591,377,up,0,NucArea
593,378,up,0,NucArea
595,379,up,0,NucArea
597,38,up,0,NucArea
599,380,up,0,NucArea
601,381,up,0,NucArea
603,382,up,0,NucArea
605,383,up,0,NucArea
607,384,up,0,NucArea
609,385,up,0,NucArea
611,386,up,0,NucArea
613,387,up,0,NucArea
615,388,up,0,NucArea
617,389,up,0,NucArea
619,39,up,0,NucArea
623,391,up,0,NucArea
1367,99,up,0,NucArea
